symbol,timestamp,open,high,low,close,volume,trade_count,vwap
TSLA,2021-06-04 00:00:00-04,579.71,600.61,577.2,599.05,24496050.0,562999.0,593.933812
TSLA,2021-06-07 00:00:00-04,591.825,610.0,582.88,605.13,23005783.0,605314.0,593.118149
TSLA,2021-06-08 00:00:00-04,623.01,623.09,595.5,603.59,26777011.0,584232.0,606.265063
TSLA,2021-06-09 00:00:00-04,602.17,611.79,597.6301,598.78,16914012.0,384600.0,603.13508
TSLA,2021-06-10 00:00:00-04,603.88,616.59,600.5,610.12,24293275.0,507426.0,610.795573
TSLA,2021-06-11 00:00:00-04,610.23,612.56,601.52,609.89,16535293.0,378519.0,607.460243
TSLA,2021-06-14 00:00:00-04,612.23,625.49,609.18,617.69,20959949.0,460865.0,618.011953
TSLA,2021-06-15 00:00:00-04,616.69,616.79,598.23,599.36,18168954.0,438551.0,605.565674
TSLA,2021-06-16 00:00:00-04,597.535,608.5,593.5,604.87,22851893.0,476656.0,601.271463
TSLA,2021-06-17 00:00:00-04,601.8878,621.47,601.34,616.6,23498871.0,504011.0,614.815484
TSLA,2021-06-18 00:00:00-04,613.37,628.35,611.8,623.31,26192084.0,500949.0,620.486524
TSLA,2021-06-21 00:00:00-04,624.48,631.39,608.88,620.83,25222987.0,490854.0,620.845025
TSLA,2021-06-22 00:00:00-04,618.25,628.5693,615.5,623.71,19694588.0,376499.0,622.938154
TSLA,2021-06-23 00:00:00-04,632.0,657.204,630.04,656.57,31726538.0,675885.0,650.362214
TSLA,2021-06-24 00:00:00-04,674.99,697.62,667.61,679.82,46633877.0,979617.0,684.594569
TSLA,2021-06-25 00:00:00-04,689.58,693.81,668.7,671.87,33490338.0,604893.0,678.633824
TSLA,2021-06-28 00:00:00-04,671.64,694.6999,670.32,688.72,22042075.0,476432.0,686.634024
TSLA,2021-06-29 00:00:00-04,684.65,687.5099,675.89,680.76,17797370.0,392656.0,680.674432
TSLA,2021-06-30 00:00:00-04,679.77,692.81,678.14,679.7,19519239.0,424580.0,684.987326
TSLA,2021-07-01 00:00:00-04,683.92,687.99,672.8,677.92,18942491.0,401598.0,679.226548
TSLA,2021-07-02 00:00:00-04,678.9,700.0,673.26,678.9,27479899.0,556873.0,683.806843
TSLA,2021-07-06 00:00:00-04,681.7115,684.0,651.4002,659.58,23707724.0,609046.0,661.772964
TSLA,2021-07-07 00:00:00-04,664.27,665.7,638.32,644.65,19116741.0,434572.0,647.815175
TSLA,2021-07-08 00:00:00-04,628.37,654.43,620.46,652.81,23321697.0,474922.0,640.626214
TSLA,2021-07-09 00:00:00-04,653.185,658.91,644.69,656.95,18895294.0,364589.0,653.833242
TSLA,2021-07-12 00:00:00-04,662.2,687.24,662.161,685.7,26491509.0,541587.0,680.256823
TSLA,2021-07-13 00:00:00-04,686.32,693.28,666.2958,668.54,21289149.0,437105.0,677.333098
TSLA,2021-07-14 00:00:00-04,670.75,678.6099,652.84,653.38,21979326.0,432554.0,665.665249
TSLA,2021-07-15 00:00:00-04,658.39,666.14,637.88,650.6,20556034.0,431615.0,652.185523
TSLA,2021-07-16 00:00:00-04,654.68,656.6999,642.2,644.22,16850121.0,333345.0,646.951207
TSLA,2021-07-19 00:00:00-04,629.89,647.1999,621.29,646.22,21935946.0,482232.0,636.38287
TSLA,2021-07-20 00:00:00-04,651.99,662.3916,640.501,660.5,15998009.0,340666.0,650.878739
TSLA,2021-07-21 00:00:00-04,659.61,664.8599,650.2901,655.29,14333534.0,320579.0,657.342523
TSLA,2021-07-22 00:00:00-04,656.4428,662.17,644.6001,649.26,15418353.0,322069.0,652.285775
TSLA,2021-07-23 00:00:00-04,646.36,648.8,637.3001,643.38,14928553.0,343590.0,642.753365
TSLA,2021-07-26 00:00:00-04,650.97,668.1999,647.11,657.62,25851515.0,548241.0,658.479588
TSLA,2021-07-27 00:00:00-04,663.4,666.5,627.24,644.78,33429295.0,739730.0,642.122701
TSLA,2021-07-28 00:00:00-04,646.995,654.9699,639.4001,646.98,16308995.0,364633.0,647.164615
TSLA,2021-07-29 00:00:00-04,649.79,683.69,648.8,677.35,30890211.0,636940.0,673.188345
TSLA,2021-07-30 00:00:00-04,671.758,697.53,669.0,687.2,30074532.0,639424.0,686.882893
TSLA,2021-08-02 00:00:00-04,700.0,726.94,698.4,709.67,34661220.0,817721.0,715.992947
TSLA,2021-08-03 00:00:00-04,719.0,722.65,701.01,709.74,22176617.0,498439.0,710.466707
TSLA,2021-08-04 00:00:00-04,711.0,724.9,708.93,710.92,17397896.0,409212.0,714.417397
TSLA,2021-08-05 00:00:00-04,716.0,720.9499,711.41,714.63,13231098.0,324935.0,715.913648
TSLA,2021-08-06 00:00:00-04,711.9,716.33,697.63,699.1,16033021.0,409025.0,703.60597
TSLA,2021-08-09 00:00:00-04,710.17,719.03,705.13,713.76,15569679.0,339987.0,714.113635
TSLA,2021-08-10 00:00:00-04,713.99,716.59,701.88,709.99,14088137.0,321149.0,709.192277
TSLA,2021-08-11 00:00:00-04,712.71,715.18,704.21,707.82,10174556.0,256403.0,708.49957
TSLA,2021-08-12 00:00:00-04,706.34,722.8,699.4,722.25,18124945.0,398942.0,714.241166
TSLA,2021-08-13 00:00:00-04,723.71,729.9,714.34,717.17,17678903.0,359933.0,720.094411
TSLA,2021-08-16 00:00:00-04,705.07,709.5,676.4,686.17,23934709.0,625359.0,687.099898
TSLA,2021-08-17 00:00:00-04,672.66,674.58,648.84,665.71,24265619.0,620030.0,661.682327
TSLA,2021-08-18 00:00:00-04,669.7479,695.77,669.35,688.99,20834284.0,485568.0,687.249851
TSLA,2021-08-19 00:00:00-04,678.21,686.55,667.59,673.47,14631401.0,344518.0,676.845528
TSLA,2021-08-20 00:00:00-04,682.85,692.1299,673.7,680.26,15480461.0,334655.0,680.278977
TSLA,2021-08-23 00:00:00-04,685.442,712.1299,680.7505,706.3,20917215.0,461268.0,703.047424
TSLA,2021-08-24 00:00:00-04,710.68,715.22,702.64,708.49,13331889.0,309482.0,708.283945
TSLA,2021-08-25 00:00:00-04,707.03,716.97,704.0,711.2,13140733.0,292731.0,711.750606
TSLA,2021-08-26 00:00:00-04,708.31,715.4,697.6201,701.16,13535663.0,321320.0,705.539015
TSLA,2021-08-27 00:00:00-04,705.0,715.0,702.1001,711.92,14226833.0,317663.0,710.531839
TSLA,2021-08-30 00:00:00-04,714.715,731.0,712.73,730.91,18937972.0,468649.0,725.034858
TSLA,2021-08-31 00:00:00-04,733.0,740.39,726.44,735.72,22964324.0,421801.0,734.801536
TSLA,2021-09-01 00:00:00-04,734.08,741.99,731.2701,734.09,13612193.0,322500.0,736.484394
TSLA,2021-09-02 00:00:00-04,734.5,740.97,730.54,732.39,13153084.0,310317.0,735.38215
TSLA,2021-09-03 00:00:00-04,732.2494,734.0,724.2,733.57,15533677.0,355980.0,729.292211
TSLA,2021-09-07 00:00:00-04,740.0,760.2,739.26,752.92,20416032.0,499482.0,752.768032
TSLA,2021-09-08 00:00:00-04,761.58,764.45,740.7733,753.87,19160240.0,449475.0,752.531954
TSLA,2021-09-09 00:00:00-04,753.41,762.1,751.6301,754.86,14472239.0,331982.0,756.796981
TSLA,2021-09-10 00:00:00-04,759.6,762.61,734.5201,736.27,15480205.0,378382.0,749.408615
TSLA,2021-09-13 00:00:00-04,740.2143,744.78,708.85,743.0,23526061.0,506104.0,729.112067
TSLA,2021-09-14 00:00:00-04,742.57,754.47,736.4,744.49,18929417.0,391531.0,745.898304
TSLA,2021-09-15 00:00:00-04,745.0,756.86,738.36,755.83,16058396.0,351298.0,749.193587
TSLA,2021-09-16 00:00:00-04,752.83,758.91,747.61,756.99,14603360.0,289973.0,753.438174
TSLA,2021-09-17 00:00:00-04,757.15,761.04,750.0,759.49,35938669.0,382206.0,758.092989
TSLA,2021-09-20 00:00:00-04,734.5577,742.0,718.6249,730.17,25471332.0,553757.0,729.499049
TSLA,2021-09-21 00:00:00-04,734.79,744.7399,730.44,739.38,17152159.0,314321.0,739.454385
TSLA,2021-09-22 00:00:00-04,743.5263,753.6699,739.12,751.94,15753275.0,318997.0,747.859444
TSLA,2021-09-23 00:00:00-04,755.0,758.2,747.92,753.64,12283745.0,286249.0,753.351921
TSLA,2021-09-24 00:00:00-04,745.89,774.8,744.56,774.39,21818322.0,470014.0,763.535408
TSLA,2021-09-27 00:00:00-04,773.12,799.0,769.31,791.36,28842443.0,606222.0,787.275775
TSLA,2021-09-28 00:00:00-04,787.2,795.64,766.1801,777.56,26182426.0,536347.0,780.585622
TSLA,2021-09-29 00:00:00-04,779.8,793.5,770.68,781.31,21363938.0,417686.0,782.390081
TSLA,2021-09-30 00:00:00-04,781.0,789.1305,775.0,775.48,18710564.0,363904.0,781.83323
TSLA,2021-10-01 00:00:00-04,778.4,780.78,763.59,775.22,17689952.0,363028.0,772.297878
TSLA,2021-10-04 00:00:00-04,796.5,806.9699,776.12,781.53,31386257.0,640563.0,790.029199
TSLA,2021-10-05 00:00:00-04,784.7962,797.31,774.2,780.59,18860630.0,401580.0,785.217067
TSLA,2021-10-06 00:00:00-04,776.2,786.66,773.22,782.75,15009105.0,333068.0,781.009013
TSLA,2021-10-07 00:00:00-04,785.46,805.0,783.38,793.61,20052029.0,412495.0,792.195761
TSLA,2021-10-08 00:00:00-04,796.21,796.38,780.91,785.49,17016248.0,400903.0,787.091599
TSLA,2021-10-11 00:00:00-04,787.65,801.24,785.5,791.94,14464306.0,346232.0,794.93484
TSLA,2021-10-12 00:00:00-04,800.93,812.32,796.57,805.72,22918978.0,499674.0,806.679932
TSLA,2021-10-13 00:00:00-04,810.47,815.41,805.78,811.08,14470404.0,347504.0,809.650187
TSLA,2021-10-14 00:00:00-04,815.49,820.25,813.3501,818.32,12701953.0,304271.0,817.373357
TSLA,2021-10-15 00:00:00-04,823.7384,843.21,822.35,843.03,19439060.0,450800.0,833.161049
TSLA,2021-10-18 00:00:00-04,851.79,875.26,851.47,870.11,25246436.0,595633.0,865.394618
TSLA,2021-10-19 00:00:00-04,877.53,877.95,862.51,864.27,17808882.0,478946.0,869.709028
TSLA,2021-10-20 00:00:00-04,865.35,869.49,857.38,865.8,14335208.0,402600.0,864.817961
TSLA,2021-10-21 00:00:00-04,856.0,900.0,855.5046,894.0,32096479.0,737893.0,889.393738
TSLA,2021-10-22 00:00:00-04,895.5,910.0,890.96,909.68,23564778.0,575737.0,904.442115
TSLA,2021-10-25 00:00:00-04,950.53,1045.02,944.2,1024.86,63703870.0,1654914.0,991.433318
TSLA,2021-10-26 00:00:00-04,1024.69,1094.94,1001.44,1018.43,63161058.0,1717724.0,1043.648138
TSLA,2021-10-27 00:00:00-04,1039.66,1070.88,1030.78,1037.86,39387863.0,935168.0,1048.750234
TSLA,2021-10-28 00:00:00-04,1068.305,1081.0,1054.2,1077.04,27853700.0,665904.0,1069.96052
TSLA,2021-10-29 00:00:00-04,1081.86,1115.21,1073.205,1114.0,30566107.0,756514.0,1096.132644
TSLA,2021-11-01 00:00:00-04,1145.0,1209.75,1118.66,1208.59,57142797.0,1373417.0,1166.270728
TSLA,2021-11-02 00:00:00-04,1159.355,1208.59,1146.0,1172.0,43499255.0,1230067.0,1177.785054
TSLA,2021-11-03 00:00:00-04,1177.33,1215.39,1152.62,1213.86,35071050.0,880463.0,1184.912286
TSLA,2021-11-04 00:00:00-04,1234.41,1243.49,1217.0,1229.91,25934479.0,765006.0,1233.254785
TSLA,2021-11-05 00:00:00-04,1228.0,1239.87,1208.0,1222.09,22050239.0,606013.0,1227.194632
TSLA,2021-11-08 00:00:00-05,1149.785,1197.0,1133.0,1162.94,34752811.0,1095854.0,1174.632896
TSLA,2021-11-09 00:00:00-05,1173.6,1174.5,1011.52,1023.5,60134781.0,1826130.0,1067.240111
TSLA,2021-11-10 00:00:00-05,1010.41,1078.1,987.31,1067.95,43481926.0,1325012.0,1049.326325
TSLA,2021-11-11 00:00:00-05,1102.77,1104.97,1054.68,1063.51,22832119.0,686865.0,1072.400441
TSLA,2021-11-12 00:00:00-05,1047.5,1054.5,1019.2,1033.42,26031201.0,773660.0,1032.666954
TSLA,2021-11-15 00:00:00-05,1017.63,1031.98,978.6,1013.39,35229701.0,1250914.0,1000.834143
TSLA,2021-11-16 00:00:00-05,1003.31,1057.1999,1002.18,1054.73,27469141.0,715889.0,1042.997931
TSLA,2021-11-17 00:00:00-05,1063.51,1119.64,1055.5,1089.01,31968024.0,891814.0,1089.93026
TSLA,2021-11-18 00:00:00-05,1106.55,1112.0,1075.02,1096.38,21341044.0,618224.0,1094.91714
TSLA,2021-11-19 00:00:00-05,1098.87,1138.7199,1092.7,1137.06,22238064.0,586598.0,1117.265943
TSLA,2021-11-22 00:00:00-05,1162.31,1201.95,1132.43,1156.87,34088754.0,968872.0,1174.124533
TSLA,2021-11-23 00:00:00-05,1167.51,1180.4999,1062.7,1109.03,36850290.0,1032199.0,1113.061678
TSLA,2021-11-24 00:00:00-05,1080.39,1132.77,1062.0,1116.0,23158206.0,645348.0,1110.024977
TSLA,2021-11-26 00:00:00-05,1099.47,1108.7827,1081.0,1081.92,12181035.0,391920.0,1091.991179
TSLA,2021-11-29 00:00:00-05,1100.99,1142.67,1100.19,1136.99,20409633.0,612277.0,1130.270594
TSLA,2021-11-30 00:00:00-05,1144.37,1168.0,1118.0,1144.76,29265134.0,656499.0,1143.10774
TSLA,2021-12-01 00:00:00-05,1160.695,1172.8399,1090.76,1095.0,23428373.0,711882.0,1135.714471
TSLA,2021-12-02 00:00:00-05,1099.06,1113.0,1056.65,1084.6,25012886.0,729086.0,1084.153506
TSLA,2021-12-03 00:00:00-05,1084.79,1090.5753,1000.21,1014.97,31252687.0,1038576.0,1028.697044
TSLA,2021-12-06 00:00:00-05,1001.51,1021.64,950.5,1009.01,27700159.0,1013296.0,990.941875
TSLA,2021-12-07 00:00:00-05,1044.2,1057.6739,1026.81,1051.75,19382556.0,536695.0,1044.814465
TSLA,2021-12-08 00:00:00-05,1052.71,1072.38,1033.0001,1068.96,14426527.0,422184.0,1054.624272
TSLA,2021-12-09 00:00:00-05,1060.64,1062.49,1002.36,1003.8,20388059.0,630805.0,1026.086145
TSLA,2021-12-10 00:00:00-05,1008.75,1020.9797,982.53,1017.03,20470631.0,676251.0,1005.506422
TSLA,2021-12-13 00:00:00-05,1001.09,1005.0,951.42,966.41,27041052.0,1051661.0,970.570402
TSLA,2021-12-14 00:00:00-05,945.0,966.41,930.0,958.51,24215886.0,759628.0,946.536497
TSLA,2021-12-15 00:00:00-05,953.21,978.7499,928.2501,975.99,25703374.0,764820.0,953.755875
TSLA,2021-12-16 00:00:00-05,994.5,994.98,921.85,926.92,28230933.0,944105.0,944.350057
TSLA,2021-12-17 00:00:00-05,914.77,960.6599,909.0401,932.57,39258711.0,730582.0,935.100298
TSLA,2021-12-20 00:00:00-05,910.7,921.6884,893.39,899.94,19338849.0,697955.0,903.546448
TSLA,2021-12-21 00:00:00-05,916.87,939.5,886.12,938.53,24409953.0,714359.0,917.137272
TSLA,2021-12-22 00:00:00-05,965.66,1015.6599,957.05,1008.87,31883923.0,900150.0,994.788213
TSLA,2021-12-23 00:00:00-05,1006.8,1072.9767,997.56,1067.0,31529757.0,914000.0,1047.193314
TSLA,2021-12-27 00:00:00-05,1073.67,1117.0,1070.7152,1093.94,24733549.0,776902.0,1099.349173
TSLA,2021-12-28 00:00:00-05,1109.49,1118.9999,1078.42,1088.47,20620439.0,611869.0,1092.950305
TSLA,2021-12-29 00:00:00-05,1098.64,1104.0,1064.14,1086.19,19220231.0,539016.0,1084.290166
TSLA,2021-12-30 00:00:00-05,1061.33,1095.55,1053.15,1070.34,16013052.0,493939.0,1077.572533
TSLA,2021-12-31 00:00:00-05,1073.4444,1081.9999,1054.59,1056.78,14005237.0,379153.0,1066.333794
TSLA,2022-01-03 00:00:00-05,1147.75,1201.07,1136.04,1199.78,35894299.0,1162847.0,1173.115082
TSLA,2022-01-04 00:00:00-05,1189.55,1208.0,1123.05,1149.59,34003431.0,1051475.0,1161.030234
TSLA,2022-01-05 00:00:00-05,1146.65,1170.34,1081.0101,1088.12,27320109.0,811992.0,1125.505228
TSLA,2022-01-06 00:00:00-05,1077.0,1088.0,1020.5,1064.7,30546172.0,880979.0,1059.905327
TSLA,2022-01-07 00:00:00-05,1080.37,1080.9299,1010.0,1026.96,28453410.0,820823.0,1038.518663
TSLA,2022-01-10 00:00:00-05,1000.0,1059.1,980.0,1058.12,31233376.0,971561.0,1018.466176
TSLA,2022-01-11 00:00:00-05,1053.67,1075.85,1038.82,1064.4,22519365.0,644113.0,1060.454893
TSLA,2022-01-12 00:00:00-05,1078.85,1114.84,1072.5901,1106.22,28830184.0,761542.0,1096.644026
TSLA,2022-01-13 00:00:00-05,1109.065,1115.6,1026.5391,1031.56,33200275.0,924355.0,1067.93742
TSLA,2022-01-14 00:00:00-05,1019.88,1052.0,1013.3788,1049.61,24801900.0,708723.0,1036.374239
TSLA,2022-01-18 00:00:00-05,1026.605,1070.7899,1016.06,1030.51,23116064.0,662923.0,1042.1079
TSLA,2022-01-19 00:00:00-05,1041.705,1054.6699,995.0,995.65,25552678.0,828700.0,1015.19885
TSLA,2022-01-20 00:00:00-05,1009.73,1041.66,994.0,996.27,24019871.0,713221.0,1018.993686
TSLA,2022-01-21 00:00:00-05,996.34,1004.55,940.5,943.9,35030961.0,1140190.0,963.786256
TSLA,2022-01-24 00:00:00-05,904.76,933.5131,851.47,930.0,52061130.0,1596995.0,888.924059
TSLA,2022-01-25 00:00:00-05,914.2,951.26,903.21,918.4,29640559.0,818785.0,923.187867
TSLA,2022-01-26 00:00:00-05,952.43,987.69,906.0,937.41,35537357.0,1099447.0,948.53754
TSLA,2022-01-27 00:00:00-05,933.36,935.39,829.0,829.1,49769480.0,1862681.0,866.04142
TSLA,2022-01-28 00:00:00-05,831.56,857.5,792.01,846.35,45605709.0,1439109.0,831.307133
TSLA,2022-01-31 00:00:00-05,872.71,937.99,862.05,936.72,36054753.0,1019009.0,915.421412
TSLA,2022-02-01 00:00:00-05,935.21,943.7,905.0,931.25,24990159.0,756027.0,927.101414
TSLA,2022-02-02 00:00:00-05,928.18,931.5,889.41,905.66,23046614.0,716352.0,909.123268
TSLA,2022-02-03 00:00:00-05,882.0,937.0,880.52,891.14,26991037.0,767221.0,909.369729
TSLA,2022-02-04 00:00:00-05,897.22,936.5,881.17,923.32,24980935.0,681221.0,914.995272
TSLA,2022-02-07 00:00:00-05,923.79,947.77,902.7089,907.34,20730953.0,640687.0,921.726662
TSLA,2022-02-08 00:00:00-05,905.53,926.2899,894.8,922.0,17439099.0,513027.0,915.503997
TSLA,2022-02-09 00:00:00-05,935.0,946.2699,920.0,932.0,17856443.0,506988.0,932.761562
TSLA,2022-02-10 00:00:00-05,908.37,943.81,896.7,904.55,22647185.0,689690.0,920.555739
TSLA,2022-02-11 00:00:00-05,909.63,915.96,850.7,860.0,27045042.0,946249.0,878.216813
TSLA,2022-02-14 00:00:00-05,861.57,898.8799,853.15,875.76,23132169.0,696444.0,876.118814
TSLA,2022-02-15 00:00:00-05,900.0,923.0,893.3774,922.43,19821472.0,595381.0,915.025933
TSLA,2022-02-16 00:00:00-05,914.05,926.4299,901.21,923.39,17753076.0,475461.0,914.346003
TSLA,2022-02-17 00:00:00-05,913.26,918.4999,874.1,876.35,18934304.0,639883.0,889.760709
TSLA,2022-02-18 00:00:00-05,886.0,886.87,837.61,856.98,23537693.0,747330.0,856.239086
TSLA,2022-02-22 00:00:00-05,834.13,856.7338,801.1001,821.53,29206762.0,927744.0,823.444987
TSLA,2022-02-23 00:00:00-05,830.43,835.2997,760.56,764.04,32401059.0,1234437.0,788.358101
TSLA,2022-02-24 00:00:00-05,700.39,802.48,700.0,800.77,46731804.0,1313573.0,758.229702
TSLA,2022-02-25 00:00:00-05,809.23,819.5,782.4005,809.87,25868608.0,749573.0,801.86865
TSLA,2022-02-28 00:00:00-05,815.01,876.86,814.7075,870.43,34573104.0,875788.0,857.554879
TSLA,2022-03-01 00:00:00-05,869.68,889.88,853.78,864.37,25524100.0,673282.0,867.715567
TSLA,2022-03-02 00:00:00-05,872.13,886.48,844.2721,879.89,25410504.0,692962.0,866.505267
TSLA,2022-03-03 00:00:00-05,878.77,886.439,832.6001,839.29,21370587.0,646507.0,853.683737
TSLA,2022-03-04 00:00:00-05,849.1,855.65,825.1609,838.29,23109623.0,596429.0,839.896716
TSLA,2022-03-07 00:00:00-05,856.3,866.14,804.57,804.58,25059944.0,699901.0,829.763611
TSLA,2022-03-08 00:00:00-05,795.53,849.99,782.17,824.4,27487604.0,737840.0,822.172323
TSLA,2022-03-09 00:00:00-05,839.48,860.56,832.01,858.97,20498396.0,546175.0,850.876165
TSLA,2022-03-10 00:00:00-05,851.45,854.45,810.3601,838.3,20063332.0,571420.0,830.582603
TSLA,2022-03-11 00:00:00-05,840.197,843.802,793.77,795.35,22925892.0,745310.0,807.782588
TSLA,2022-03-14 00:00:00-04,780.61,800.7,756.04,766.37,23877641.0,783856.0,773.629565
TSLA,2022-03-15 00:00:00-04,775.27,805.57,756.57,801.89,23050106.0,620160.0,789.39242
TSLA,2022-03-16 00:00:00-04,808.0,842.0,802.2601,840.23,29157682.0,751557.0,828.44182
TSLA,2022-03-17 00:00:00-04,830.99,875.0,825.7178,871.6,23314040.0,608932.0,858.260284
TSLA,2022-03-18 00:00:00-04,874.49,907.85,867.39,905.39,39999104.0,699105.0,897.603371
TSLA,2022-03-21 00:00:00-04,914.98,942.85,907.09,921.16,28061022.0,746493.0,922.488732
TSLA,2022-03-22 00:00:00-04,930.0,997.86,921.75,993.98,36121584.0,940961.0,965.010221
TSLA,2022-03-23 00:00:00-04,979.94,1040.7,976.4,999.11,40787949.0,1124239.0,1009.381433
TSLA,2022-03-24 00:00:00-04,1009.73,1024.49,988.8,1013.92,23756993.0,684000.0,1009.061934
TSLA,2022-03-25 00:00:00-04,1008.0,1021.7999,997.3201,1010.64,21175103.0,591085.0,1007.608009
TSLA,2022-03-28 00:00:00-04,1065.1,1097.8799,1053.6,1091.84,35642519.0,1109118.0,1081.114336
TSLA,2022-03-29 00:00:00-04,1107.99,1114.77,1073.11,1099.57,25381550.0,831063.0,1096.391355
TSLA,2022-03-30 00:00:00-04,1091.17,1113.95,1084.0,1093.99,20431173.0,597501.0,1098.754066
TSLA,2022-03-31 00:00:00-04,1094.57,1103.1399,1076.641,1077.6,17280959.0,509543.0,1088.266474
TSLA,2022-04-01 00:00:00-04,1081.15,1094.75,1066.64,1084.59,18520119.0,546383.0,1081.437277
TSLA,2022-04-04 00:00:00-04,1089.38,1149.91,1072.53,1145.45,28012251.0,859375.0,1123.290545
TSLA,2022-04-05 00:00:00-04,1136.3,1152.87,1087.3,1091.26,27191070.0,859309.0,1113.655916
TSLA,2022-04-06 00:00:00-04,1073.47,1079.0,1027.7,1045.76,29995068.0,963154.0,1047.330834
TSLA,2022-04-07 00:00:00-04,1052.39,1076.59,1021.5401,1057.26,26482353.0,771755.0,1051.033263
TSLA,2022-04-08 00:00:00-04,1043.32,1048.44,1022.435,1025.49,18763593.0,578908.0,1033.858824
TSLA,2022-04-11 00:00:00-04,980.4,1008.4681,974.64,975.93,19990460.0,756595.0,987.954049
TSLA,2022-04-12 00:00:00-04,997.64,1021.1921,976.6001,986.95,22602533.0,615652.0,997.315971
TSLA,2022-04-13 00:00:00-04,981.075,1026.24,973.097,1022.37,18801401.0,521652.0,1006.042127
TSLA,2022-04-14 00:00:00-04,999.29,1012.7099,982.19,985.0,20485645.0,580186.0,990.874217
TSLA,2022-04-18 00:00:00-04,989.03,1014.92,973.41,1004.29,17544519.0,544523.0,997.328317
TSLA,2022-04-19 00:00:00-04,1005.06,1034.94,995.325,1028.15,17146925.0,527909.0,1021.80023
TSLA,2022-04-20 00:00:00-04,1030.0,1034.0,975.2501,977.2,24210107.0,864911.0,993.176448
TSLA,2022-04-21 00:00:00-04,1074.73,1092.22,996.415,1008.78,35784091.0,1119159.0,1045.323642
TSLA,2022-04-22 00:00:00-04,1014.91,1034.85,994.0001,1005.05,23771812.0,687821.0,1013.655901
TSLA,2022-04-25 00:00:00-04,978.97,1008.62,975.3,998.02,23359892.0,719908.0,993.294296
TSLA,2022-04-26 00:00:00-04,995.43,1000.0,875.0,876.42,46317045.0,1570851.0,910.842956
TSLA,2022-04-27 00:00:00-04,898.58,918.0,877.36,881.51,25911007.0,913173.0,897.360511
TSLA,2022-04-28 00:00:00-04,899.98,900.0,821.7,877.51,42238147.0,1367548.0,859.112153
TSLA,2022-04-29 00:00:00-04,902.25,934.3999,870.0,870.76,30278926.0,887200.0,900.415732
TSLA,2022-05-02 00:00:00-04,860.77,906.3599,848.03,902.94,25994801.0,786413.0,878.232342
TSLA,2022-05-03 00:00:00-04,903.18,924.08,888.59,909.25,21733006.0,607316.0,908.690813
TSLA,2022-05-04 00:00:00-04,903.94,955.5,885.28,952.62,28143234.0,728809.0,919.750085
TSLA,2022-05-05 00:00:00-04,939.21,945.6,857.7,873.28,31821412.0,1016723.0,889.021078
TSLA,2022-05-06 00:00:00-04,887.0,888.0,843.105,865.65,24805733.0,787098.0,868.258095
TSLA,2022-05-09 00:00:00-04,836.45,845.63,781.15,787.11,31114166.0,1135045.0,808.958534
TSLA,2022-05-10 00:00:00-04,819.0,825.36,774.25,800.04,28782115.0,894446.0,800.546852
TSLA,2022-05-11 00:00:00-04,795.0,809.77,727.2,734.0,33120950.0,1144560.0,764.302139
TSLA,2022-05-12 00:00:00-04,701.0,759.66,680.0,728.0,47600415.0,1393019.0,721.526548
TSLA,2022-05-13 00:00:00-04,773.48,787.3499,751.565,769.59,31421666.0,860108.0,769.594271
TSLA,2022-05-16 00:00:00-04,767.16,769.76,719.0885,724.37,29171458.0,844610.0,739.84314
TSLA,2022-05-17 00:00:00-04,747.36,764.48,728.85,761.61,27343380.0,728841.0,750.721562
TSLA,2022-05-18 00:00:00-04,744.52,760.5,700.81,709.81,30021558.0,888564.0,723.691837
TSLA,2022-05-19 00:00:00-04,707.0,734.0,694.11,709.42,30298072.0,822375.0,712.925754
TSLA,2022-05-20 00:00:00-04,713.99,721.582,633.0,663.9,49100588.0,1678514.0,663.080297
TSLA,2022-05-23 00:00:00-04,655.02,679.9551,638.06,674.9,30255732.0,885450.0,663.280262
TSLA,2022-05-24 00:00:00-04,653.53,653.92,620.57,628.16,30370986.0,916176.0,636.096613
TSLA,2022-05-25 00:00:00-04,623.85,669.32,623.0101,658.8,31456989.0,773482.0,652.900456
TSLA,2022-05-26 00:00:00-04,661.42,718.6699,653.66,707.73,36103863.0,912916.0,696.45419
TSLA,2022-05-27 00:00:00-04,723.25,759.8,720.5311,759.63,30574317.0,770849.0,748.423044
TSLA,2022-05-31 00:00:00-04,773.56,778.8,734.23,758.26,34157647.0,869761.0,759.710139
TSLA,2022-06-01 00:00:00-04,755.16,771.98,730.92,740.37,26162027.0,663700.0,746.826341
TSLA,2022-06-02 00:00:00-04,732.47,792.63,726.2,775.0,31680389.0,762174.0,771.346847
TSLA,2022-06-03 00:00:00-04,729.675,743.3899,700.2534,703.55,38129804.0,1089426.0,713.666016
TSLA,2022-06-06 00:00:00-04,733.06,734.6,703.05,714.84,28468894.0,751097.0,716.039142
TSLA,2022-06-07 00:00:00-04,702.0,719.99,690.28,716.66,24816813.0,641262.0,710.487241
TSLA,2022-06-08 00:00:00-04,720.26,749.89,717.53,725.6,25829172.0,683901.0,734.826464
TSLA,2022-06-09 00:00:00-04,748.02,766.6399,717.98,719.12,32689850.0,876383.0,742.577296
TSLA,2022-06-10 00:00:00-04,705.47,718.5,683.74,696.69,33187430.0,966379.0,697.079116
TSLA,2022-06-13 00:00:00-04,669.5,679.9,644.05,647.21,35372150.0,1042433.0,656.50596
TSLA,2022-06-14 00:00:00-04,654.86,678.99,635.21,662.67,33237521.0,805385.0,656.347989
TSLA,2022-06-15 00:00:00-04,662.75,706.9899,654.45,699.0,40816879.0,894426.0,684.408111
TSLA,2022-06-16 00:00:00-04,668.21,675.5,626.08,639.3,36889051.0,979355.0,646.72104
TSLA,2022-06-17 00:00:00-04,640.3,662.9082,639.59,650.28,33665286.0,670299.0,650.236631
TSLA,2022-06-21 00:00:00-04,673.81,730.7321,673.0,711.11,42485390.0,1004688.0,713.034289
TSLA,2022-06-22 00:00:00-04,703.51,740.5,701.48,708.26,34726381.0,758539.0,719.044423
TSLA,2022-06-23 00:00:00-04,713.715,717.95,685.91,705.21,35475567.0,795537.0,701.882294
TSLA,2022-06-24 00:00:00-04,712.405,738.2,708.26,737.12,31970559.0,681066.0,730.725632
TSLA,2022-06-27 00:00:00-04,748.1,756.21,727.6966,734.76,31119629.0,681104.0,738.178415
TSLA,2022-06-28 00:00:00-04,733.45,749.91,697.03,697.99,30896497.0,777808.0,718.308963
TSLA,2022-06-29 00:00:00-04,691.5,693.52,666.82,685.47,28073475.0,735898.0,678.709825
TSLA,2022-06-30 00:00:00-04,673.53,688.37,656.59,673.42,32307871.0,761007.0,674.843626
TSLA,2022-07-01 00:00:00-04,681.0,690.69,666.3601,681.79,25272795.0,622186.0,676.929351
TSLA,2022-07-05 00:00:00-04,669.0,699.44,648.5001,699.2,28916706.0,783240.0,675.4643
TSLA,2022-07-06 00:00:00-04,692.34,703.69,681.56,695.2,24473467.0,603512.0,691.351146
TSLA,2022-07-07 00:00:00-04,701.76,736.085,696.63,733.63,27792672.0,699837.0,724.421562
TSLA,2022-07-08 00:00:00-04,727.0,764.9399,723.4843,752.29,33693437.0,800429.0,750.427322
TSLA,2022-07-11 00:00:00-04,756.31,759.19,700.88,703.03,33753813.0,875140.0,716.727885
TSLA,2022-07-12 00:00:00-04,710.54,719.32,685.105,699.21,29906356.0,691929.0,699.354412
TSLA,2022-07-13 00:00:00-04,676.5,726.1799,675.1,711.12,33124735.0,769780.0,709.995407
TSLA,2022-07-14 00:00:00-04,704.69,715.96,688.0,714.94,26670807.0,600571.0,701.96206
TSLA,2022-07-15 00:00:00-04,720.0,730.8699,710.67,720.2,23973251.0,517244.0,719.226873
TSLA,2022-07-18 00:00:00-04,734.81,751.55,718.81,721.64,28064155.0,642643.0,738.274271
TSLA,2022-07-19 00:00:00-04,735.0,741.42,710.93,736.59,27670201.0,623007.0,729.545686
TSLA,2022-07-20 00:00:00-04,740.35,751.99,730.449,742.5,30112664.0,751734.0,742.994607
TSLA,2022-07-21 00:00:00-04,765.32,819.8,764.6,815.12,48166501.0,1184825.0,798.261885
TSLA,2022-07-22 00:00:00-04,828.66,842.36,812.14,816.73,35226667.0,904928.0,825.414203
TSLA,2022-07-25 00:00:00-04,816.65,822.44,802.2,805.3,22072005.0,561060.0,810.408003
TSLA,2022-07-26 00:00:00-04,799.54,801.9299,768.79,776.58,22822141.0,551725.0,781.765987
TSLA,2022-07-27 00:00:00-04,791.43,827.7768,785.3701,824.46,30796709.0,671566.0,812.268768
TSLA,2022-07-28 00:00:00-04,840.2,849.9,818.4,842.7,28816365.0,700683.0,837.431977
TSLA,2022-07-29 00:00:00-04,842.1,894.96,837.3,891.45,32633367.0,777935.0,870.238952
TSLA,2022-08-01 00:00:00-04,903.825,935.6347,885.0,891.83,39620727.0,1085385.0,907.361832
TSLA,2022-08-02 00:00:00-04,882.01,923.5,878.0,901.76,32303926.0,808468.0,905.719067
TSLA,2022-08-03 00:00:00-04,915.0,928.65,903.45,922.19,27416253.0,746901.0,918.985056
TSLA,2022-08-04 00:00:00-04,933.0,940.82,915.0,925.9,24576452.0,694810.0,927.038244
TSLA,2022-08-05 00:00:00-04,908.01,913.8199,856.634,864.51,38357418.0,1116972.0,882.450289
TSLA,2022-08-08 00:00:00-04,885.0,915.6,867.2562,871.27,33616823.0,925613.0,892.643411
TSLA,2022-08-09 00:00:00-04,870.88,877.19,838.06,850.0,29174690.0,806271.0,852.231179
TSLA,2022-08-10 00:00:00-04,891.2,892.53,850.11,883.07,32362122.0,888686.0,872.845663
TSLA,2022-08-11 00:00:00-04,889.54,894.71,857.5,859.89,23863568.0,726687.0,873.187955
TSLA,2022-08-12 00:00:00-04,868.245,900.48,855.1,900.09,27145285.0,669858.0,882.066008
TSLA,2022-08-15 00:00:00-04,905.36,939.4,903.69,927.96,30279774.0,825111.0,924.615457
TSLA,2022-08-16 00:00:00-04,935.0,944.0,908.65,919.69,29881799.0,805574.0,925.016819
TSLA,2022-08-17 00:00:00-04,910.19,928.97,900.1,911.99,23300075.0,611537.0,912.995158
TSLA,2022-08-18 00:00:00-04,918.0,919.5,905.56,908.61,16135100.0,490142.0,912.631486
TSLA,2022-08-19 00:00:00-04,897.0,901.08,877.5,890.0,21085574.0,584410.0,887.281513
TSLA,2022-08-22 00:00:00-04,875.74,877.2,858.89,869.74,19135811.0,587359.0,867.339752
TSLA,2022-08-23 00:00:00-04,874.36,896.4799,863.77,889.36,21764092.0,576127.0,884.620781
TSLA,2022-08-24 00:00:00-04,892.69,910.94,889.5,891.29,19556429.0,594438.0,900.255401
TSLA,2022-08-25 00:00:00-04,302.36,302.96,291.6,296.07,54671112.0,1041469.0,295.260117
TSLA,2022-08-26 00:00:00-04,297.43,302.0,287.47,288.09,59257066.0,972030.0,292.508688
TSLA,2022-08-29 00:00:00-04,282.83,287.74,280.7,284.82,43730113.0,693165.0,284.465245
TSLA,2022-08-30 00:00:00-04,287.865,288.48,272.65,277.7,51825894.0,827149.0,279.248793
TSLA,2022-08-31 00:00:00-04,280.62,281.25,271.81,275.61,56092315.0,756732.0,276.330944
TSLA,2022-09-01 00:00:00-04,272.575,277.58,266.15,277.16,55804836.0,836026.0,271.481185
TSLA,2022-09-02 00:00:00-04,281.065,282.35,269.08,270.21,52523745.0,755266.0,274.323217
TSLA,2022-09-06 00:00:00-04,272.675,275.99,265.74,274.42,57451023.0,852789.0,272.196879
TSLA,2022-09-07 00:00:00-04,273.1,283.84,272.27,283.7,52170102.0,717326.0,280.093708
TSLA,2022-09-08 00:00:00-04,281.3,289.5,279.76,289.26,55399153.0,713366.0,286.202628
TSLA,2022-09-09 00:00:00-04,291.67,299.85,291.245,299.68,56082207.0,777365.0,297.419463
TSLA,2022-09-12 00:00:00-04,300.72,305.49,300.4,304.42,50396267.0,766857.0,303.652347
TSLA,2022-09-13 00:00:00-04,292.9,297.3999,290.4,292.13,70982158.0,985169.0,293.635054
TSLA,2022-09-14 00:00:00-04,292.24,306.0,291.64,302.61,74235471.0,951746.0,300.684484
TSLA,2022-09-15 00:00:00-04,301.825,309.12,300.7247,303.75,66398343.0,855306.0,304.908427
TSLA,2022-09-16 00:00:00-04,299.605,303.71,295.6005,303.35,112306933.0,754401.0,301.288707
TSLA,2022-09-19 00:00:00-04,300.09,309.84,297.8,309.07,61634470.0,842286.0,306.413596
TSLA,2022-09-20 00:00:00-04,306.91,313.33,305.58,308.73,62988711.0,819821.0,309.324663
TSLA,2022-09-21 00:00:00-04,308.29,313.8,300.63,300.8,64435337.0,837932.0,307.469093
TSLA,2022-09-22 00:00:00-04,299.86,301.29,285.82,288.59,72000682.0,1086013.0,291.367469
TSLA,2022-09-23 00:00:00-04,283.09,284.5,272.82,275.33,65490085.0,1052624.0,276.541874
TSLA,2022-09-26 00:00:00-04,271.83,284.09,270.31,276.01,59843049.0,909219.0,278.249835
TSLA,2022-09-27 00:00:00-04,283.84,288.67,277.51,282.94,63622379.0,857135.0,283.465199
TSLA,2022-09-28 00:00:00-04,283.08,289.0,277.57,287.81,57570596.0,739950.0,283.889448
TSLA,2022-09-29 00:00:00-04,282.76,283.65,265.78,268.21,79669023.0,1125575.0,271.100311
TSLA,2022-09-30 00:00:00-04,266.145,275.57,262.47,265.25,70442182.0,921345.0,268.886833
TSLA,2022-10-03 00:00:00-04,254.5,255.16,241.01,242.4,101048630.0,1539828.0,245.014052
TSLA,2022-10-04 00:00:00-04,250.52,257.5,242.01,249.44,112007508.0,1313288.0,249.665823
TSLA,2022-10-05 00:00:00-04,245.01,246.6697,233.27,240.81,88914813.0,1172527.0,238.478773
TSLA,2022-10-06 00:00:00-04,239.44,244.58,235.35,238.13,70719650.0,827249.0,239.404162
TSLA,2022-10-07 00:00:00-04,233.935,234.5715,222.02,223.07,85634482.0,1236527.0,226.184648
TSLA,2022-10-10 00:00:00-04,223.93,226.99,218.3582,222.96,69326571.0,890253.0,223.506947
TSLA,2022-10-11 00:00:00-04,220.945,225.75,215.0,216.5,78495707.0,926045.0,220.69994
TSLA,2022-10-12 00:00:00-04,215.33,219.2999,211.51,217.24,68676010.0,809810.0,215.597611
TSLA,2022-10-13 00:00:00-04,208.3,222.99,206.22,221.72,94549943.0,1157762.0,215.657576
TSLA,2022-10-14 00:00:00-04,224.01,226.26,204.16,204.99,96221753.0,1273344.0,211.449275
TSLA,2022-10-17 00:00:00-04,210.04,221.86,209.45,219.35,82997077.0,954633.0,217.723871
TSLA,2022-10-18 00:00:00-04,229.5,229.82,217.25,220.19,77228084.0,841840.0,221.409368
TSLA,2022-10-19 00:00:00-04,219.8,222.93,217.78,222.04,68150056.0,864646.0,220.957198
TSLA,2022-10-20 00:00:00-04,208.28,215.55,202.0,207.28,120301645.0,1546089.0,208.585358
TSLA,2022-10-21 00:00:00-04,206.415,214.66,203.8,214.44,78476531.0,898257.0,210.454782
TSLA,2022-10-24 00:00:00-04,205.82,213.5,198.5863,211.25,102608679.0,1305819.0,205.752442
TSLA,2022-10-25 00:00:00-04,210.1,224.3498,210.0,222.415,98376534.0,1050831.0,220.141257
TSLA,2022-10-26 00:00:00-04,219.4,230.6,218.2,224.64,86971998.0,922633.0,226.610963
TSLA,2022-10-27 00:00:00-04,229.77,233.81,222.85,225.09,63313495.0,740947.0,226.18492
TSLA,2022-10-28 00:00:00-04,225.4,228.86,216.35,228.52,70775381.0,791347.0,224.258367
TSLA,2022-10-31 00:00:00-04,226.19,229.85,221.94,227.54,63582829.0,717884.0,226.643099
TSLA,2022-11-01 00:00:00-04,234.05,237.3951,227.28,227.82,63918578.0,701491.0,230.781235
TSLA,2022-11-02 00:00:00-04,226.04,227.8699,214.82,214.98,65195578.0,802303.0,221.8648
TSLA,2022-11-03 00:00:00-04,211.36,221.2,210.14,215.31,58310152.0,644112.0,216.39553
TSLA,2022-11-04 00:00:00-04,222.6,223.8,203.08,207.47,100715317.0,1196743.0,210.927108
TSLA,2022-11-07 00:00:00-05,208.65,208.9,196.66,197.08,95450979.0,1347597.0,199.990171
TSLA,2022-11-08 00:00:00-05,194.02,195.2,186.75,191.3,132172579.0,1540664.0,191.376341
TSLA,2022-11-09 00:00:00-05,190.775,195.89,177.12,177.59,129491823.0,1577361.0,184.406122
TSLA,2022-11-10 00:00:00-05,189.9,191.0,180.03,190.72,138031810.0,1406976.0,187.898992
TSLA,2022-11-11 00:00:00-05,186.0,196.52,182.59,195.97,116253329.0,1164753.0,191.534881
TSLA,2022-11-14 00:00:00-05,192.77,195.73,186.34,190.95,93827731.0,953199.0,191.871236
TSLA,2022-11-15 00:00:00-05,195.88,200.8237,192.06,194.42,93223972.0,984846.0,196.650535
TSLA,2022-11-16 00:00:00-05,191.51,192.57,185.66,186.92,68342071.0,812212.0,188.235165
TSLA,2022-11-17 00:00:00-05,183.96,186.16,180.9,183.17,65848836.0,772743.0,183.542771
TSLA,2022-11-18 00:00:00-05,185.05,185.19,176.55,180.19,77814167.0,939374.0,179.151171
TSLA,2022-11-21 00:00:00-05,175.85,176.77,167.54,167.87,95460527.0,1251924.0,170.814688
TSLA,2022-11-22 00:00:00-05,168.63,170.92,166.185,169.91,80402272.0,863699.0,168.909345
TSLA,2022-11-23 00:00:00-05,173.57,183.62,172.5,183.2,111649742.0,1195380.0,179.633732
TSLA,2022-11-25 00:00:00-05,185.06,185.2,180.63,182.86,51788297.0,584243.0,182.76661
TSLA,2022-11-28 00:00:00-05,179.96,188.5,179.0,182.92,94797017.0,975440.0,184.874416
TSLA,2022-11-29 00:00:00-05,184.99,186.38,178.75,180.83,84640855.0,883448.0,182.416968
TSLA,2022-11-30 00:00:00-05,182.43,194.76,180.6301,194.7,117562401.0,983612.0,187.836172
TSLA,2022-12-01 00:00:00-05,197.08,198.92,191.8,194.7,81924273.0,855154.0,195.085566
TSLA,2022-12-02 00:00:00-05,191.78,196.25,191.11,194.86,74986051.0,830813.0,193.511971
TSLA,2022-12-05 00:00:00-05,189.44,191.27,180.55,182.45,95180598.0,1142297.0,184.400981
TSLA,2022-12-06 00:00:00-05,181.215,183.65,175.33,179.82,93840008.0,958150.0,178.541099
TSLA,2022-12-07 00:00:00-05,175.03,179.38,172.218,174.04,86103119.0,968029.0,174.150473
TSLA,2022-12-08 00:00:00-05,172.2,175.2,169.06,173.44,99166137.0,990880.0,172.31195
TSLA,2022-12-09 00:00:00-05,173.84,182.5,173.36,179.05,106899809.0,1090347.0,179.615813
TSLA,2022-12-12 00:00:00-05,176.1,177.37,167.52,167.82,112834677.0,1292534.0,170.356246
TSLA,2022-12-13 00:00:00-05,174.87,175.05,156.91,160.95,178493578.0,2031805.0,163.569333
TSLA,2022-12-14 00:00:00-05,159.25,161.62,155.31,156.8,142921860.0,1524663.0,158.121558
TSLA,2022-12-15 00:00:00-05,153.44,160.9299,153.28,157.67,125467436.0,1220440.0,157.709144
TSLA,2022-12-16 00:00:00-05,159.635,160.99,150.04,150.23,154808623.0,1237907.0,152.095107
TSLA,2022-12-19 00:00:00-05,154.0,155.25,145.82,149.87,142266303.0,1358581.0,150.34696
TSLA,2022-12-20 00:00:00-05,146.05,148.47,137.66,137.8,162188504.0,1664088.0,142.604176
TSLA,2022-12-21 00:00:00-05,139.335,141.26,135.89,137.57,147890851.0,1332567.0,138.675042
TSLA,2022-12-22 00:00:00-05,136.0,136.63,122.26,125.35,212939787.0,2022636.0,127.610905
TSLA,2022-12-23 00:00:00-05,126.37,128.6173,121.02,123.15,168947695.0,1546189.0,123.848809
TSLA,2022-12-27 00:00:00-05,117.495,119.67,108.76,109.1,212144442.0,2057260.0,113.378078
TSLA,2022-12-28 00:00:00-05,110.35,116.27,108.24,112.71,224197029.0,2046316.0,112.003318
TSLA,2022-12-29 00:00:00-05,120.385,123.57,117.495,121.82,226370514.0,1902592.0,120.626128
TSLA,2022-12-30 00:00:00-05,119.95,124.48,119.75,123.18,160265129.0,1499342.0,122.192046
TSLA,2023-01-03 00:00:00-05,118.47,118.8,104.64,108.1,235727017.0,2540115.0,109.133537
TSLA,2023-01-04 00:00:00-05,109.11,114.59,107.52,113.64,183641524.0,1652357.0,111.901725
TSLA,2023-01-05 00:00:00-05,110.51,111.75,107.1601,110.34,160906940.0,1337246.0,109.5523
TSLA,2023-01-06 00:00:00-05,103.0,114.39,101.81,113.06,224113076.0,2008686.0,109.418991
TSLA,2023-01-09 00:00:00-05,118.96,123.52,117.11,119.77,194213551.0,1740778.0,121.15591
TSLA,2023-01-10 00:00:00-05,121.07,122.76,114.92,118.85,169904675.0,1402653.0,117.800004
TSLA,2023-01-11 00:00:00-05,122.09,125.95,120.51,123.22,187333311.0,1509958.0,122.723406
TSLA,2023-01-12 00:00:00-05,122.56,124.1311,117.0,123.56,172269894.0,1432276.0,120.949191
TSLA,2023-01-13 00:00:00-05,116.55,122.63,115.6,122.4,183250365.0,1424077.0,119.649314
TSLA,2023-01-17 00:00:00-05,125.695,131.7,125.02,131.49,190097742.0,1495234.0,129.51408
TSLA,2023-01-18 00:00:00-05,136.555,136.68,127.01,128.78,198301125.0,1541863.0,130.55768
TSLA,2023-01-19 00:00:00-05,127.26,129.99,124.3082,127.17,172462075.0,1156276.0,127.21659
TSLA,2023-01-20 00:00:00-05,128.68,133.51,127.3466,133.42,141903857.0,984544.0,131.047526
TSLA,2023-01-23 00:00:00-05,135.87,145.3793,134.27,143.75,206160335.0,1479336.0,141.244828
TSLA,2023-01-24 00:00:00-05,143.0,146.5,141.1,143.89,160675460.0,1176070.0,143.548576
TSLA,2023-01-25 00:00:00-05,141.905,146.41,138.07,144.43,194770773.0,1579533.0,142.798709
TSLA,2023-01-26 00:00:00-05,159.965,161.42,154.76,160.27,238806737.0,2046130.0,157.910765
TSLA,2023-01-27 00:00:00-05,162.43,180.68,161.17,177.9,309508609.0,2617785.0,173.215931
TSLA,2023-01-30 00:00:00-05,178.05,179.77,166.5,166.66,233147806.0,2010141.0,172.064739
TSLA,2023-01-31 00:00:00-05,164.57,174.3,162.78,173.22,200228780.0,1496831.0,170.964827
TSLA,2023-02-01 00:00:00-05,173.89,183.805,169.93,181.41,216770911.0,1598180.0,175.786382
TSLA,2023-02-02 00:00:00-05,187.325,196.7501,182.61,188.27,218469998.0,1949050.0,190.725467
TSLA,2023-02-03 00:00:00-05,183.95,199.0,183.69,189.98,233445345.0,1949563.0,193.590184
TSLA,2023-02-06 00:00:00-05,193.01,198.17,189.92,194.76,190036857.0,1591560.0,194.596451
TSLA,2023-02-07 00:00:00-05,196.43,197.5,189.55,196.81,188507095.0,1547236.0,194.081991
TSLA,2023-02-08 00:00:00-05,196.1,203.0,194.31,201.29,183938354.0,1575286.0,200.337319
TSLA,2023-02-09 00:00:00-05,207.775,214.0,204.77,207.32,217933700.0,2118954.0,210.018997
TSLA,2023-02-10 00:00:00-05,202.225,206.2,192.89,196.89,206408837.0,1946430.0,197.963716
TSLA,2023-02-13 00:00:00-05,194.415,196.3,187.61,194.64,175079033.0,1522131.0,193.23918
TSLA,2023-02-14 00:00:00-05,191.94,209.82,189.44,209.25,219017952.0,1819456.0,202.035234
TSLA,2023-02-15 00:00:00-05,211.755,214.66,206.11,214.24,184506548.0,1666650.0,211.524495
TSLA,2023-02-16 00:00:00-05,210.78,217.65,201.84,202.04,232433061.0,2110975.0,211.498648
TSLA,2023-02-17 00:00:00-05,199.985,208.44,197.5,208.31,215700027.0,1824502.0,203.002686
TSLA,2023-02-21 00:00:00-05,204.99,209.71,197.22,197.37,182883285.0,1812471.0,202.335201
TSLA,2023-02-22 00:00:00-05,197.93,201.99,191.78,200.86,193669770.0,1620644.0,197.425988
TSLA,2023-02-23 00:00:00-05,203.91,205.14,196.33,202.07,148545400.0,1294330.0,200.588202
TSLA,2023-02-24 00:00:00-05,196.325,197.6695,192.8,196.88,144170167.0,1348781.0,195.549858
TSLA,2023-02-27 00:00:00-05,202.03,209.42,201.26,207.63,163868878.0,1526658.0,206.423939
TSLA,2023-02-28 00:00:00-05,210.59,211.23,203.75,205.71,155831905.0,1422658.0,206.954858
TSLA,2023-03-01 00:00:00-05,206.21,207.2,198.52,202.77,158351027.0,1412450.0,201.687151
TSLA,2023-03-02 00:00:00-05,186.74,193.7499,186.01,190.9,185079120.0,1843864.0,190.102849
TSLA,2023-03-03 00:00:00-05,194.795,200.48,192.88,197.79,156659208.0,1381533.0,197.574996
TSLA,2023-03-06 00:00:00-05,198.54,198.6,192.3,193.81,129800108.0,1172410.0,195.141534
TSLA,2023-03-07 00:00:00-05,191.38,194.2,186.1,187.71,149980263.0,1386302.0,190.103075
TSLA,2023-03-08 00:00:00-05,185.04,186.5,180.0,182.0,153743549.0,1422864.0,181.733764
TSLA,2023-03-09 00:00:00-05,180.25,185.18,172.5124,172.92,172622103.0,1708133.0,178.909958
TSLA,2023-03-10 00:00:00-05,175.13,178.29,168.44,173.44,193243948.0,1617003.0,174.271864
TSLA,2023-03-13 00:00:00-04,167.455,177.35,163.91,174.48,170522636.0,1583456.0,171.749657
TSLA,2023-03-14 00:00:00-04,177.31,183.8,177.1401,183.26,147435545.0,1184343.0,181.324589
TSLA,2023-03-15 00:00:00-04,180.8,182.34,176.03,180.45,148087719.0,1283034.0,179.345971
TSLA,2023-03-16 00:00:00-04,180.365,185.81,178.84,184.13,123504917.0,1120982.0,182.931494
TSLA,2023-03-17 00:00:00-04,184.515,186.2199,177.33,180.13,140673982.0,1168897.0,180.491959
TSLA,2023-03-20 00:00:00-04,178.08,186.44,176.35,183.25,131142892.0,1179256.0,182.953363
TSLA,2023-03-21 00:00:00-04,188.28,198.0,188.04,197.58,156692653.0,1456134.0,193.875518
TSLA,2023-03-22 00:00:00-04,199.3,200.66,190.95,191.15,151877870.0,1424880.0,196.716067
TSLA,2023-03-23 00:00:00-04,195.26,199.31,188.65,192.22,146042412.0,1324624.0,194.650369
TSLA,2023-03-24 00:00:00-04,191.65,192.36,187.15,190.41,117982059.0,1091102.0,189.528355
TSLA,2023-03-27 00:00:00-04,194.415,197.39,189.94,191.81,122264765.0,1116468.0,193.698
TSLA,2023-03-28 00:00:00-04,192.0,192.35,185.43,189.19,99812095.0,981385.0,188.194541
TSLA,2023-03-29 00:00:00-04,193.13,195.29,189.44,193.88,125790497.0,1020358.0,192.385045
TSLA,2023-03-30 00:00:00-04,195.58,197.33,194.42,195.28,111449080.0,1019988.0,195.890158
TSLA,2023-03-31 00:00:00-04,197.53,207.79,197.2,207.46,169897726.0,1508649.0,203.72779
TSLA,2023-04-03 00:00:00-04,199.91,202.6897,192.2,194.77,171995041.0,1819573.0,195.748759
TSLA,2023-04-04 00:00:00-04,197.32,198.7446,190.32,192.58,126771599.0,1456296.0,192.93866
TSLA,2023-04-05 00:00:00-04,190.515,190.68,183.76,185.52,135908595.0,1507800.0,186.20756
TSLA,2023-04-06 00:00:00-04,183.08,186.39,179.74,185.06,125310410.0,1178040.0,184.097119
TSLA,2023-04-10 00:00:00-04,179.94,185.1,176.11,184.51,143434081.0,1320897.0,181.100315
TSLA,2023-04-11 00:00:00-04,186.69,189.19,185.6475,186.79,116043520.0,1073592.0,187.410747
TSLA,2023-04-12 00:00:00-04,190.74,191.5846,180.31,180.54,151966576.0,1344530.0,184.330173
TSLA,2023-04-13 00:00:00-04,182.955,186.5,180.94,185.9,115038387.0,979663.0,184.902062
TSLA,2023-04-14 00:00:00-04,183.95,186.28,182.01,185.0,97375904.0,872088.0,184.005381
TSLA,2023-04-17 00:00:00-04,186.32,189.69,182.69,187.04,116928292.0,1084266.0,185.619485
TSLA,2023-04-18 00:00:00-04,187.15,187.69,183.5775,184.31,93361003.0,851225.0,185.078992
TSLA,2023-04-19 00:00:00-04,179.1,183.5,177.65,180.59,127232811.0,1398580.0,181.256108
TSLA,2023-04-20 00:00:00-04,166.165,169.7,160.56,162.99,212312382.0,2473947.0,164.843531
TSLA,2023-04-21 00:00:00-04,164.8,166.0,161.3208,165.08,124041326.0,1204818.0,164.13563
TSLA,2023-04-24 00:00:00-04,164.65,165.65,158.61,162.55,140388805.0,1306874.0,161.430402
TSLA,2023-04-25 00:00:00-04,159.82,163.47,158.75,160.67,123970767.0,1054896.0,161.754815
TSLA,2023-04-26 00:00:00-04,160.29,160.67,153.14,153.75,153807269.0,1440738.0,155.789924
TSLA,2023-04-27 00:00:00-04,152.64,160.48,152.37,160.19,127559033.0,1211252.0,157.264116
TSLA,2023-04-28 00:00:00-04,160.9,165.0,157.32,164.31,122681581.0,996514.0,162.477697
TSLA,2023-05-01 00:00:00-04,163.17,163.28,158.83,161.83,109015048.0,942092.0,161.325036
TSLA,2023-05-02 00:00:00-04,161.88,165.49,158.93,160.31,129991463.0,1017088.0,161.808656
TSLA,2023-05-03 00:00:00-04,160.01,165.0,159.91,160.61,119996538.0,1050064.0,163.324681
TSLA,2023-05-04 00:00:00-04,162.71,162.95,159.65,161.2,96455284.0,856344.0,161.366003
TSLA,2023-05-05 00:00:00-04,163.97,170.7899,163.51,170.06,107762572.0,996509.0,168.155626
TSLA,2023-05-08 00:00:00-04,173.72,173.8,169.19,171.79,113778778.0,1090573.0,171.336068
TSLA,2023-05-09 00:00:00-04,168.95,169.82,166.56,169.15,90255109.0,923866.0,168.137434
TSLA,2023-05-10 00:00:00-04,172.55,174.43,166.68,168.54,121790436.0,1252316.0,170.222023
TSLA,2023-05-11 00:00:00-04,168.7,173.57,166.79,172.08,105419706.0,1111442.0,169.448063
TSLA,2023-05-12 00:00:00-04,176.07,177.38,167.23,167.98,159387762.0,1513458.0,171.140385
TSLA,2023-05-15 00:00:00-04,167.655,169.76,164.5499,166.35,106963159.0,1001743.0,166.887498
TSLA,2023-05-16 00:00:00-04,165.65,169.5184,164.35,166.52,99504201.0,919432.0,167.365543
TSLA,2023-05-17 00:00:00-04,168.41,174.5,167.185,173.86,125821659.0,1177816.0,172.375279
TSLA,2023-05-18 00:00:00-04,174.22,177.06,172.45,176.89,109851927.0,1017065.0,174.748676
TSLA,2023-05-19 00:00:00-04,177.17,181.95,176.31,180.14,138446981.0,1214566.0,179.576768
TSLA,2023-05-22 00:00:00-04,180.7,189.32,180.11,188.87,134070807.0,1292956.0,185.742686
TSLA,2023-05-23 00:00:00-04,186.2,192.96,185.26,185.77,158734682.0,1376483.0,188.773459
TSLA,2023-05-24 00:00:00-04,182.23,184.22,178.22,182.9,139352622.0,1266051.0,181.41439
TSLA,2023-05-25 00:00:00-04,186.54,186.78,180.58,184.47,97294549.0,954332.0,184.111097
TSLA,2023-05-26 00:00:00-04,184.62,198.6,184.53,193.17,162009883.0,1500699.0,193.189546
TSLA,2023-05-30 00:00:00-04,200.1,204.48,197.53,201.16,130007767.0,1392078.0,200.482541
TSLA,2023-05-31 00:00:00-04,199.78,203.95,195.12,203.93,151250878.0,1291745.0,199.331162
TSLA,2023-06-01 00:00:00-04,202.59,209.8,199.37,207.52,150665749.0,1452084.0,205.111253
TSLA,2023-06-02 00:00:00-04,210.15,217.25,209.752,213.97,183261050.0,1778220.0,214.538333
TSLA,2023-06-05 00:00:00-04,217.8,221.29,214.52,217.61,151190261.0,1507708.0,218.226337
TSLA,2023-06-06 00:00:00-04,216.14,221.91,212.53,221.31,147003677.0,1376249.0,217.929475
TSLA,2023-06-07 00:00:00-04,228.0,230.8296,223.2,224.57,185727837.0,1779833.0,226.588007
TSLA,2023-06-08 00:00:00-04,224.22,235.23,223.01,234.86,164944844.0,1608847.0,231.036605
TSLA,2023-06-09 00:00:00-04,249.07,252.42,242.02,244.4,200219026.0,2090864.0,247.092914
TSLA,2023-06-12 00:00:00-04,247.94,250.97,244.59,249.83,150748668.0,1493211.0,247.942053
TSLA,2023-06-13 00:00:00-04,253.51,259.68,251.34,258.71,162430817.0,1661007.0,255.96177
TSLA,2023-06-14 00:00:00-04,260.17,261.57,250.5,256.79,170582046.0,1700385.0,257.011255
TSLA,2023-06-15 00:00:00-04,248.4,258.95,247.29,255.9,160243925.0,1650404.0,255.752484
TSLA,2023-06-16 00:00:00-04,258.92,263.6,257.2091,260.54,167870859.0,1569918.0,260.634309
TSLA,2023-06-20 00:00:00-04,261.5,274.75,261.12,274.45,165715696.0,1713207.0,267.820148
TSLA,2023-06-21 00:00:00-04,275.13,276.99,257.78,259.46,211873265.0,2159676.0,265.140639
TSLA,2023-06-22 00:00:00-04,250.77,265.0,248.25,264.61,166930967.0,1730686.0,260.079305
TSLA,2023-06-23 00:00:00-04,259.29,262.45,252.8,256.6,177677228.0,1712271.0,257.731634
TSLA,2023-06-26 00:00:00-04,250.065,258.37,240.7,241.05,180148413.0,1938824.0,248.494428
TSLA,2023-06-27 00:00:00-04,243.24,250.3899,240.85,250.21,165118461.0,1623441.0,246.092118
TSLA,2023-06-28 00:00:00-04,249.7,259.88,248.89,256.24,159844461.0,1545231.0,255.914952
TSLA,2023-06-29 00:00:00-04,258.03,260.74,253.61,257.5,131283361.0,1320691.0,256.804454
TSLA,2023-06-30 00:00:00-04,260.6,264.45,259.89,261.77,111804671.0,1179792.0,262.814571
TSLA,2023-07-03 00:00:00-04,276.49,284.25,275.11,279.82,119592488.0,1446455.0,279.563542
TSLA,2023-07-05 00:00:00-04,278.82,283.85,277.6,282.48,131586954.0,1350154.0,280.569691
TSLA,2023-07-06 00:00:00-04,278.09,279.97,272.88,276.54,120745103.0,1301843.0,276.443874
TSLA,2023-07-07 00:00:00-04,278.43,280.78,273.77,274.43,113879175.0,1204968.0,277.553967
TSLA,2023-07-10 00:00:00-04,276.47,277.52,265.1,269.61,119453341.0,1361292.0,269.875537
TSLA,2023-07-11 00:00:00-04,268.65,270.9,266.37,269.79,91990575.0,1022899.0,268.482131
TSLA,2023-07-12 00:00:00-04,276.325,276.52,271.46,271.99,95701451.0,1031260.0,273.439018
TSLA,2023-07-13 00:00:00-04,274.59,279.45,270.6,277.9,112695960.0,1143574.0,274.737269
TSLA,2023-07-14 00:00:00-04,277.01,285.3,276.31,281.38,120091488.0,1267639.0,280.723935
TSLA,2023-07-17 00:00:00-04,286.625,292.23,283.57,290.38,131642475.0,1503496.0,288.111852
TSLA,2023-07-18 00:00:00-04,290.15,295.26,286.01,293.34,112465031.0,1261573.0,290.058235
TSLA,2023-07-19 00:00:00-04,296.04,299.29,289.5201,291.26,143260902.0,1800293.0,295.046634
TSLA,2023-07-20 00:00:00-04,279.56,280.93,261.2,262.9,175314537.0,2370073.0,269.60718
TSLA,2023-07-21 00:00:00-04,268.0,268.0,255.8,260.02,162417593.0,1641747.0,261.804469
TSLA,2023-07-24 00:00:00-04,255.85,269.85,254.12,269.06,137060400.0,1547085.0,264.288235
TSLA,2023-07-25 00:00:00-04,272.38,272.9,265.0,265.28,112797579.0,1254555.0,268.508606
TSLA,2023-07-26 00:00:00-04,263.25,268.04,261.75,264.35,95887686.0,983841.0,264.829438
TSLA,2023-07-27 00:00:00-04,268.31,269.13,255.3,255.71,103754401.0,1206919.0,262.885755
TSLA,2023-07-28 00:00:00-04,259.86,267.25,258.2312,266.44,111446027.0,1121339.0,264.348289
TSLA,2023-07-31 00:00:00-04,267.48,269.08,263.78,267.43,84605432.0,1000450.0,266.638517
TSLA,2023-08-01 00:00:00-04,266.26,266.47,260.25,261.07,83728932.0,989391.0,262.362367
TSLA,2023-08-02 00:00:00-04,255.57,259.52,250.49,254.11,101804109.0,1222360.0,254.711919
TSLA,2023-08-03 00:00:00-04,252.04,260.49,252.0,259.32,97886224.0,1030220.0,256.81524
TSLA,2023-08-04 00:00:00-04,260.97,264.77,253.11,253.86,99539908.0,1052952.0,258.21683
TSLA,2023-08-07 00:00:00-04,251.45,253.6511,242.76,251.45,111121391.0,1358005.0,247.729881
TSLA,2023-08-08 00:00:00-04,247.45,250.92,245.01,249.7,96661635.0,1030079.0,248.577949
TSLA,2023-08-09 00:00:00-04,250.87,251.1,241.9,242.19,101635663.0,1078830.0,245.208822
TSLA,2023-08-10 00:00:00-04,245.4,251.8,243.0,245.34,109519642.0,1138934.0,246.972238
TSLA,2023-08-11 00:00:00-04,241.77,243.79,238.02,242.65,99038644.0,1121628.0,241.466397
TSLA,2023-08-14 00:00:00-04,235.7,240.66,233.75,239.76,98618323.0,1396846.0,237.921291
TSLA,2023-08-15 00:00:00-04,238.73,240.5,232.61,232.96,88246178.0,1053546.0,235.167875
TSLA,2023-08-16 00:00:00-04,228.02,233.97,225.38,225.6,112548579.0,1296486.0,229.305124
TSLA,2023-08-17 00:00:00-04,226.06,226.74,218.83,219.22,120776489.0,1322338.0,222.909044
TSLA,2023-08-18 00:00:00-04,214.12,217.58,212.36,215.49,136276586.0,1455662.0,215.324979
TSLA,2023-08-21 00:00:00-04,221.5512,232.1343,220.58,231.28,135775026.0,1475613.0,227.60468
TSLA,2023-08-22 00:00:00-04,240.25,240.82,229.55,233.19,130622922.0,1382016.0,234.321986
TSLA,2023-08-23 00:00:00-04,229.34,238.98,229.29,236.86,101159557.0,1085857.0,235.103945
TSLA,2023-08-24 00:00:00-04,238.66,238.92,228.1801,230.04,99815698.0,1105418.0,231.826227
TSLA,2023-08-25 00:00:00-04,231.31,239.0,230.35,238.59,106612231.0,1174889.0,235.093977
TSLA,2023-08-28 00:00:00-04,242.58,244.38,235.35,238.82,107692662.0,1146637.0,238.48086
TSLA,2023-08-29 00:00:00-04,238.58,257.48,237.77,257.18,134104874.0,1418770.0,250.660318
TSLA,2023-08-30 00:00:00-04,254.2,260.51,250.59,256.9,122003655.0,1295488.0,255.905732
TSLA,2023-08-31 00:00:00-04,255.98,261.18,255.05,258.08,108876603.0,1067030.0,258.059429
TSLA,2023-09-01 00:00:00-04,257.26,259.0794,242.01,245.01,132541641.0,1530009.0,248.083465
TSLA,2023-09-05 00:00:00-04,245.0,258.0,244.86,256.49,129487693.0,1370470.0,253.843394
TSLA,2023-09-06 00:00:00-04,255.135,255.39,245.06,251.92,117006956.0,1211279.0,249.462882
TSLA,2023-09-07 00:00:00-04,245.07,252.81,243.265,251.49,115336750.0,1182303.0,248.264928
TSLA,2023-09-08 00:00:00-04,251.22,256.52,246.67,248.5,118559636.0,1195154.0,251.38487
TSLA,2023-09-11 00:00:00-04,264.27,274.85,260.61,273.58,174749854.0,2044075.0,268.963787
TSLA,2023-09-12 00:00:00-04,270.76,278.39,266.6,267.48,136025998.0,1442298.0,271.596858
TSLA,2023-09-13 00:00:00-04,270.07,274.98,268.1,271.3,111716974.0,1171603.0,271.651246
TSLA,2023-09-14 00:00:00-04,271.32,276.7094,270.42,276.04,107771198.0,1158823.0,274.51174
TSLA,2023-09-15 00:00:00-04,277.55,278.98,271.0,274.39,133692313.0,1265828.0,274.274426
TSLA,2023-09-18 00:00:00-04,271.16,271.44,263.7601,265.28,101568477.0,1255543.0,266.701153
TSLA,2023-09-19 00:00:00-04,264.35,267.85,261.2,266.5,103715350.0,1070185.0,264.943835
TSLA,2023-09-20 00:00:00-04,267.04,273.93,262.4606,262.59,122540120.0,1271360.0,268.369202
TSLA,2023-09-21 00:00:00-04,257.85,260.86,254.21,255.7,120037067.0,1303664.0,257.525415
TSLA,2023-09-22 00:00:00-04,257.4,257.7888,244.48,244.88,127524085.0,1375479.0,251.403626
TSLA,2023-09-25 00:00:00-04,243.38,247.1,238.31,246.99,104668716.0,1196613.0,244.237763
TSLA,2023-09-26 00:00:00-04,242.98,249.55,241.6601,244.12,102033779.0,1118004.0,245.599873
TSLA,2023-09-27 00:00:00-04,244.262,245.33,234.58,240.5,136616287.0,1393690.0,240.406499
TSLA,2023-09-28 00:00:00-04,240.02,247.55,238.65,246.38,117096968.0,1190994.0,244.05336
TSLA,2023-09-29 00:00:00-04,250.0,254.77,246.35,250.22,128526716.0,1255461.0,251.057762
TSLA,2023-10-02 00:00:00-04,244.81,254.2799,242.62,251.6,123843037.0,1312966.0,249.588208
TSLA,2023-10-03 00:00:00-04,248.61,250.02,244.45,246.53,102002965.0,1065647.0,247.350173
TSLA,2023-10-04 00:00:00-04,248.14,261.86,247.6,261.16,129770722.0,1388771.0,255.820398
TSLA,2023-10-05 00:00:00-04,260.0,263.6,256.25,260.05,119185414.0,1197909.0,259.64344
TSLA,2023-10-06 00:00:00-04,253.98,261.65,250.65,260.53,118121814.0,1279581.0,256.363983
TSLA,2023-10-09 00:00:00-04,255.31,261.36,252.05,259.67,101409033.0,1145157.0,256.325814
TSLA,2023-10-10 00:00:00-04,257.75,268.94,257.65,263.62,122684320.0,1241762.0,265.046798
TSLA,2023-10-11 00:00:00-04,266.2,268.6,260.9,262.99,103727058.0,1077717.0,264.043044
TSLA,2023-10-12 00:00:00-04,262.92,265.41,256.6307,258.87,111551409.0,1178945.0,261.749611
TSLA,2023-10-13 00:00:00-04,258.9,259.6,250.22,251.12,102296788.0,1103540.0,254.051621
TSLA,2023-10-16 00:00:00-04,250.05,255.3999,248.48,253.92,88930672.0,1046053.0,252.99395
TSLA,2023-10-17 00:00:00-04,250.1,257.183,247.08,254.85,93573488.0,1021579.0,253.238094
TSLA,2023-10-18 00:00:00-04,252.7,254.63,242.08,242.68,125980440.0,1482744.0,246.791928
TSLA,2023-10-19 00:00:00-04,225.95,230.61,216.78,220.11,170944596.0,2329342.0,221.741358
TSLA,2023-10-20 00:00:00-04,217.01,218.8606,210.42,211.99,138010097.0,1583140.0,213.923409
TSLA,2023-10-23 00:00:00-04,210.0,216.98,202.51,212.08,150750605.0,1658376.0,211.662146
TSLA,2023-10-24 00:00:00-04,216.5,222.05,214.11,216.52,118259645.0,1291170.0,217.665808
TSLA,2023-10-25 00:00:00-04,215.88,220.1,212.2,212.42,107288896.0,1212408.0,216.075758
TSLA,2023-10-26 00:00:00-04,211.32,214.8,204.88,205.76,115208783.0,1276215.0,208.36429
TSLA,2023-10-27 00:00:00-04,210.6,213.92,205.77,207.3,94882274.0,1046258.0,208.651119
TSLA,2023-10-30 00:00:00-04,209.28,210.88,194.67,197.36,136503931.0,1630868.0,199.965108
TSLA,2023-10-31 00:00:00-04,196.12,202.8,194.07,200.84,118088997.0,1388090.0,199.113004
TSLA,2023-11-01 00:00:00-04,204.04,205.99,197.85,205.66,121710684.0,1318233.0,201.876527
TSLA,2023-11-02 00:00:00-04,212.97,219.2,211.45,218.51,126084508.0,1338281.0,216.504488
TSLA,2023-11-03 00:00:00-04,221.15,226.3701,218.4,219.96,119534792.0,1247127.0,221.186671
TSLA,2023-11-06 00:00:00-05,223.98,226.32,215.0,219.27,117394735.0,1266125.0,219.459955
TSLA,2023-11-07 00:00:00-05,219.98,223.12,215.72,222.18,116927581.0,1141257.0,219.1197
TSLA,2023-11-08 00:00:00-05,223.15,224.15,217.64,222.11,106603872.0,1070149.0,220.265972
TSLA,2023-11-09 00:00:00-05,219.75,220.8,206.68,209.98,142156105.0,1959549.0,211.770395
TSLA,2023-11-10 00:00:00-05,210.03,215.38,205.69,214.65,131314334.0,1428607.0,211.826574
TSLA,2023-11-13 00:00:00-05,215.6,225.4,211.6101,223.71,140617709.0,1474678.0,221.255658
TSLA,2023-11-14 00:00:00-05,235.03,238.135,230.72,237.41,149930341.0,1537716.0,234.707604
TSLA,2023-11-15 00:00:00-05,239.29,246.7,236.45,242.84,150391782.0,1553354.0,242.793401
TSLA,2023-11-16 00:00:00-05,239.49,240.88,230.96,233.59,136900875.0,1391883.0,235.465014
TSLA,2023-11-17 00:00:00-05,232.0,237.39,226.54,234.3,142766236.0,1376658.0,233.287786
TSLA,2023-11-20 00:00:00-05,234.04,237.1,231.02,235.6,116591874.0,1218647.0,234.203566
TSLA,2023-11-21 00:00:00-05,235.04,243.62,233.34,241.2,122332956.0,1217064.0,240.976415
TSLA,2023-11-22 00:00:00-05,242.04,244.01,231.4,234.21,118143474.0,1287157.0,234.596496
TSLA,2023-11-24 00:00:00-05,233.75,238.75,232.33,235.45,65125204.0,738518.0,236.493181
TSLA,2023-11-27 00:00:00-05,236.89,238.33,232.1,236.08,112057261.0,1163418.0,235.603244
TSLA,2023-11-28 00:00:00-05,236.68,247.0,234.01,246.72,148648582.0,1511154.0,241.082101
TSLA,2023-11-29 00:00:00-05,249.21,252.75,242.76,244.14,135445276.0,1386040.0,248.023901
TSLA,2023-11-30 00:00:00-05,245.14,245.22,236.91,240.08,132457365.0,1270598.0,240.765517
TSLA,2023-12-01 00:00:00-05,233.14,240.19,231.9,238.83,121331711.0,1293937.0,236.53333
TSLA,2023-12-04 00:00:00-05,235.75,239.3733,233.2902,235.58,104114066.0,1093929.0,236.434654
TSLA,2023-12-05 00:00:00-05,233.87,246.66,233.7,238.72,138001929.0,1294531.0,241.108497
TSLA,2023-12-06 00:00:00-05,242.92,246.57,239.1709,239.37,126467079.0,1204659.0,243.400696
TSLA,2023-12-07 00:00:00-05,241.55,244.08,236.98,242.64,107162580.0,1043435.0,240.883405
TSLA,2023-12-08 00:00:00-05,240.27,245.27,239.2701,243.84,103127144.0,1036362.0,243.040195
TSLA,2023-12-11 00:00:00-05,242.74,243.441,237.45,239.74,97934659.0,1127820.0,240.114198
TSLA,2023-12-12 00:00:00-05,238.55,238.99,233.87,237.01,95351249.0,1060558.0,235.760731
TSLA,2023-12-13 00:00:00-05,234.19,240.3,228.2,239.29,146287024.0,1443587.0,233.801499
TSLA,2023-12-14 00:00:00-05,241.22,253.88,240.79,251.05,160856357.0,1655908.0,248.842309
TSLA,2023-12-15 00:00:00-05,251.21,254.13,248.3,253.5,135932762.0,1185364.0,252.040492
TSLA,2023-12-18 00:00:00-05,253.78,258.74,251.36,252.08,116439752.0,1224579.0,254.988313
TSLA,2023-12-19 00:00:00-05,253.48,258.3399,253.01,257.22,106763970.0,1030651.0,256.212977
TSLA,2023-12-20 00:00:00-05,256.41,259.84,247.0,247.14,125136084.0,1275033.0,254.560984
TSLA,2023-12-21 00:00:00-05,251.9,254.7999,248.55,254.5,109639080.0,1050747.0,252.030838
TSLA,2023-12-22 00:00:00-05,256.76,258.22,251.37,252.54,93370094.0,971208.0,255.182406
TSLA,2023-12-26 00:00:00-05,254.49,257.97,252.91,256.61,86911086.0,948979.0,256.396041
TSLA,2023-12-27 00:00:00-05,258.35,263.34,257.52,261.44,106526727.0,1043469.0,261.83637
TSLA,2023-12-28 00:00:00-05,263.66,265.13,252.71,253.18,113656066.0,1160244.0,258.461457
TSLA,2023-12-29 00:00:00-05,255.1,255.19,247.43,248.48,100891958.0,1062989.0,250.333885
TSLA,2024-01-02 00:00:00-05,250.08,251.25,244.41,248.42,104677350.0,1178077.0,248.350303
TSLA,2024-01-03 00:00:00-05,244.98,245.68,236.32,238.45,121104606.0,1274176.0,239.769658
TSLA,2024-01-04 00:00:00-05,239.25,242.7,237.73,237.93,102645460.0,1001894.0,240.359483
TSLA,2024-01-05 00:00:00-05,236.86,240.1196,234.9001,237.49,92488939.0,934668.0,237.93239
TSLA,2024-01-08 00:00:00-05,236.14,241.25,235.3,240.45,85180396.0,971097.0,238.603202
TSLA,2024-01-09 00:00:00-05,238.11,238.9646,232.04,234.96,96715676.0,1055314.0,234.645278
TSLA,2024-01-10 00:00:00-05,235.1,235.5,231.29,233.94,91642761.0,937625.0,233.474841
TSLA,2024-01-11 00:00:00-05,230.57,230.93,225.37,227.22,105925601.0,1267362.0,227.453305
TSLA,2024-01-12 00:00:00-05,220.08,225.34,217.1501,218.89,123043878.0,1419632.0,220.368756
TSLA,2024-01-16 00:00:00-05,215.1,223.49,212.18,219.91,115379920.0,1358365.0,219.517746
TSLA,2024-01-17 00:00:00-05,214.86,215.67,212.01,215.55,103212193.0,1162767.0,213.840452
TSLA,2024-01-18 00:00:00-05,216.88,217.45,208.74,211.88,108628840.0,1223978.0,212.195542
TSLA,2024-01-19 00:00:00-05,209.99,213.19,207.56,212.19,102260343.0,1122841.0,210.379549
TSLA,2024-01-22 00:00:00-05,212.26,217.8,206.27,208.8,117974149.0,1318911.0,210.643058
TSLA,2024-01-23 00:00:00-05,211.3,215.65,207.7516,209.14,106635433.0,1091758.0,210.552302
TSLA,2024-01-24 00:00:00-05,211.88,212.73,206.77,207.83,123951859.0,1487851.0,209.937505
TSLA,2024-01-25 00:00:00-05,189.7,193.0,180.06,182.63,198226698.0,2721193.0,184.845428
TSLA,2024-01-26 00:00:00-05,185.5,186.78,182.1,183.25,107343231.0,1327754.0,183.96966
TSLA,2024-01-29 00:00:00-05,185.63,191.48,183.67,190.93,125013048.0,1435689.0,188.072239
TSLA,2024-01-30 00:00:00-05,195.33,196.3593,190.61,191.59,109982327.0,1288184.0,193.051997
TSLA,2024-01-31 00:00:00-05,186.995,193.97,185.8459,187.29,103221430.0,1144880.0,189.862041
TSLA,2024-02-01 00:00:00-05,188.5,189.88,184.28,188.86,91843275.0,1047610.0,187.207379
TSLA,2024-02-02 00:00:00-05,185.04,188.69,182.0,187.91,110612672.0,1270925.0,185.032041
TSLA,2024-02-05 00:00:00-05,184.26,184.68,175.01,181.06,134294447.0,1633998.0,179.913848
TSLA,2024-02-06 00:00:00-05,177.21,186.49,177.11,185.1,122675954.0,1204086.0,183.503034
TSLA,2024-02-07 00:00:00-05,188.18,189.79,182.68,187.58,111535217.0,1124191.0,187.126466
TSLA,2024-02-08 00:00:00-05,189.0,191.6171,185.58,189.56,83034043.0,925084.0,189.287666
TSLA,2024-02-09 00:00:00-05,190.18,194.12,189.48,193.57,84476347.0,967370.0,192.523321
TSLA,2024-02-12 00:00:00-05,192.11,194.73,187.28,188.13,95498597.0,1166265.0,190.526907
TSLA,2024-02-13 00:00:00-05,183.99,187.26,182.1087,184.02,86759478.0,1089659.0,184.209343
TSLA,2024-02-14 00:00:00-05,185.3,188.89,183.35,188.71,81202987.0,924102.0,186.118118
TSLA,2024-02-15 00:00:00-05,189.16,200.88,188.8595,200.45,120831762.0,1314345.0,195.96286
TSLA,2024-02-16 00:00:00-05,202.06,203.17,197.4,199.95,111346705.0,1249787.0,200.238548
TSLA,2024-02-20 00:00:00-05,196.13,198.6,189.13,193.76,104545762.0,1220066.0,192.434811
TSLA,2024-02-21 00:00:00-05,193.36,199.44,191.95,194.77,103844008.0,1059381.0,194.859434
TSLA,2024-02-22 00:00:00-05,194.0,198.32,191.36,197.41,92739461.0,1017519.0,195.13382
TSLA,2024-02-23 00:00:00-05,195.31,197.57,191.5,191.97,78841917.0,923289.0,193.969422
TSLA,2024-02-26 00:00:00-05,192.29,201.78,192.0,199.4,111827116.0,1169827.0,198.905939
TSLA,2024-02-27 00:00:00-05,204.04,205.6,198.26,199.73,108645412.0,1131569.0,201.436072
TSLA,2024-02-28 00:00:00-05,200.42,205.3,198.44,202.04,99806173.0,1027322.0,202.578573
TSLA,2024-02-29 00:00:00-05,204.18,205.28,198.4463,201.88,85909374.0,943618.0,201.412818
TSLA,2024-03-01 00:00:00-05,200.52,204.52,198.5,202.64,82243119.0,952621.0,201.588719
TSLA,2024-03-04 00:00:00-05,198.73,199.75,186.72,188.14,135041869.0,1697687.0,190.369111
TSLA,2024-03-05 00:00:00-05,183.05,184.59,177.57,180.74,119679258.0,1561608.0,180.638355
TSLA,2024-03-06 00:00:00-05,179.99,181.576,173.7,176.54,107920944.0,1431861.0,177.294779
TSLA,2024-03-07 00:00:00-05,174.35,180.04,173.7,178.65,102129004.0,1139995.0,177.88457
TSLA,2024-03-08 00:00:00-05,181.5,182.73,174.7,175.34,85544644.0,1126763.0,177.08275
TSLA,2024-03-11 00:00:00-04,175.445,182.87,174.8,177.77,85391528.0,1122687.0,178.991442
TSLA,2024-03-12 00:00:00-04,177.77,179.43,172.4101,177.54,87391504.0,1086087.0,176.426945
TSLA,2024-03-13 00:00:00-04,173.05,176.05,169.15,169.48,106524518.0,1440821.0,171.642567
TSLA,2024-03-14 00:00:00-04,167.77,171.17,160.51,162.5,126327596.0,1680192.0,164.109706
TSLA,2024-03-15 00:00:00-04,163.16,165.1845,160.76,163.57,97146832.0,1107044.0,162.872746
TSLA,2024-03-18 00:00:00-04,170.02,174.72,165.9,173.8,108214358.0,1321128.0,171.762644
TSLA,2024-03-19 00:00:00-04,172.36,172.82,167.42,171.32,77278528.0,937648.0,170.802193
TSLA,2024-03-20 00:00:00-04,173.0,176.25,170.82,175.66,83846726.0,919879.0,173.392991
TSLA,2024-03-21 00:00:00-04,176.39,178.18,171.8,172.82,73178014.0,926379.0,174.299138
TSLA,2024-03-22 00:00:00-04,166.69,171.2,166.3,170.83,75580637.0,943100.0,169.353099
TSLA,2024-03-25 00:00:00-04,168.76,175.24,168.73,172.63,74228615.0,901662.0,172.063943
TSLA,2024-03-26 00:00:00-04,178.58,184.25,177.38,177.67,113186227.0,1309173.0,180.849345
TSLA,2024-03-27 00:00:00-04,181.41,181.91,176.0,179.83,81804043.0,928815.0,179.122193
TSLA,2024-03-28 00:00:00-04,177.45,179.57,175.3,175.79,77654838.0,900671.0,176.788255
TSLA,2024-04-01 00:00:00-04,176.17,176.75,170.21,175.22,81562127.0,1050223.0,173.131693
TSLA,2024-04-02 00:00:00-04,164.75,167.69,163.43,166.63,116650594.0,1474891.0,165.788322
TSLA,2024-04-03 00:00:00-04,164.02,168.82,163.28,168.38,82950141.0,955108.0,166.912558
TSLA,2024-04-04 00:00:00-04,170.07,177.19,168.01,171.11,123161960.0,1243818.0,172.92947
TSLA,2024-04-05 00:00:00-04,169.08,170.86,160.51,164.9,143157603.0,1549579.0,166.177091
TSLA,2024-04-08 00:00:00-04,169.34,174.5,167.79,172.98,104423320.0,1134904.0,172.613838
TSLA,2024-04-09 00:00:00-04,172.91,179.22,171.92,176.88,103232675.0,1017416.0,175.946489
TSLA,2024-04-10 00:00:00-04,173.04,174.93,170.01,171.76,84532407.0,955350.0,171.820544
TSLA,2024-04-11 00:00:00-04,172.55,175.88,168.51,174.6,94515987.0,1028915.0,172.472538
TSLA,2024-04-12 00:00:00-04,172.34,173.8099,170.3644,171.05,64618300.0,761282.0,171.824813
TSLA,2024-04-15 00:00:00-04,170.24,170.69,161.38,161.48,100245310.0,1341841.0,164.491064
TSLA,2024-04-16 00:00:00-04,156.742,158.19,153.75,157.11,96999956.0,1273557.0,156.354785
TSLA,2024-04-17 00:00:00-04,157.64,158.33,153.78,155.45,82439718.0,1005336.0,155.945167
TSLA,2024-04-18 00:00:00-04,151.25,152.2,148.7,149.93,96098830.0,1254708.0,150.45591
TSLA,2024-04-19 00:00:00-04,148.97,150.94,146.22,147.05,87074500.0,1078905.0,148.744594
TSLA,2024-04-22 00:00:00-04,140.56,144.44,138.8025,142.05,107097564.0,1403278.0,141.705475
TSLA,2024-04-23 00:00:00-04,143.33,147.26,141.11,144.68,124545104.0,1401800.0,144.904004
TSLA,2024-04-24 00:00:00-04,162.84,167.97,157.51,162.13,181251511.0,1823957.0,161.92409
TSLA,2024-04-25 00:00:00-04,158.96,170.88,158.36,170.18,126427521.0,1361934.0,165.584064
TSLA,2024-04-26 00:00:00-04,168.85,172.12,166.37,168.29,109815725.0,1160007.0,169.165039
TSLA,2024-04-29 00:00:00-04,188.42,198.87,184.54,194.05,243875078.0,2641241.0,191.934834
TSLA,2024-04-30 00:00:00-04,186.98,190.95,182.8401,183.28,127031787.0,1319801.0,185.6784
TSLA,2024-05-01 00:00:00-04,182.0,185.86,179.01,179.99,92829719.0,1031366.0,181.687964
TSLA,2024-05-02 00:00:00-04,182.86,184.6,176.02,180.01,89148041.0,936177.0,179.683861
TSLA,2024-05-03 00:00:00-04,182.1,184.78,178.42,181.19,75491539.0,845583.0,181.248393
TSLA,2024-05-06 00:00:00-04,183.8,187.56,182.2,184.76,84390253.0,980553.0,184.522822
TSLA,2024-05-07 00:00:00-04,182.4,183.26,177.4,177.81,75045854.0,942274.0,179.156392
TSLA,2024-05-08 00:00:00-04,171.59,176.06,170.15,174.72,79969488.0,904274.0,173.884987
TSLA,2024-05-09 00:00:00-04,175.01,175.62,171.37,171.97,65950292.0,770102.0,173.016247
TSLA,2024-05-10 00:00:00-04,173.05,173.0599,167.75,168.47,72627178.0,918770.0,169.427618
TSLA,2024-05-13 00:00:00-04,170.0,175.4,169.0,171.89,67018903.0,879153.0,172.606544
TSLA,2024-05-14 00:00:00-04,174.4959,179.49,174.07,177.55,86407422.0,987397.0,176.979861
TSLA,2024-05-15 00:00:00-04,179.9,180.0,173.11,173.99,79662993.0,962087.0,174.63672
TSLA,2024-05-16 00:00:00-04,174.1,175.79,171.43,174.84,59812220.0,727805.0,174.233682
TSLA,2024-05-17 00:00:00-04,173.55,179.63,172.75,177.46,77445845.0,836290.0,176.858607
TSLA,2024-05-20 00:00:00-04,177.56,177.754,173.52,174.95,61727875.0,811207.0,174.731828
TSLA,2024-05-21 00:00:00-04,175.51,186.875,174.71,186.6,115266512.0,1212462.0,182.074385
TSLA,2024-05-22 00:00:00-04,182.85,183.8,178.12,180.11,88313477.0,914321.0,180.677059
TSLA,2024-05-23 00:00:00-04,181.8,181.9,173.26,173.74,71975496.0,897491.0,176.219919
TSLA,2024-05-24 00:00:00-04,174.835,180.08,173.73,179.24,65584478.0,783972.0,178.090081
TSLA,2024-05-28 00:00:00-04,176.4,178.25,173.16,176.75,59744120.0,840479.0,175.700142
TSLA,2024-05-29 00:00:00-04,174.19,178.15,173.93,176.19,54782649.0,668438.0,176.245357
TSLA,2024-05-30 00:00:00-04,178.575,182.67,175.38,178.79,77784755.0,870224.0,178.881036
TSLA,2024-05-31 00:00:00-04,178.5,180.32,173.82,178.08,67374602.0,756972.0,176.901019
TSLA,2024-06-03 00:00:00-04,178.13,182.6389,174.49,176.29,68568920.0,893105.0,178.34326
TSLA,2024-06-04 00:00:00-04,174.775,177.755,174.0,174.77,60056340.0,735907.0,175.625313
TSLA,2024-06-05 00:00:00-04,175.35,176.15,172.13,175.0,57953756.0,742261.0,174.4335
TSLA,2024-06-06 00:00:00-04,174.6,179.73,172.73,177.94,69887024.0,856388.0,176.303407
TSLA,2024-06-07 00:00:00-04,176.13,179.35,175.58,177.48,56244932.0,582307.0,177.737981
TSLA,2024-06-10 00:00:00-04,176.06,178.57,173.17,173.79,50869682.0,785578.0,175.405541
TSLA,2024-06-11 00:00:00-04,173.92,174.75,167.41,170.66,64761928.0,938280.0,169.431234
TSLA,2024-06-12 00:00:00-04,171.12,180.55,169.8,177.29,90389446.0,1112496.0,177.162902
TSLA,2024-06-13 00:00:00-04,188.39,191.08,181.23,182.47,118984122.0,1415695.0,185.342822
TSLA,2024-06-14 00:00:00-04,185.8,186.0,176.92,178.01,82038194.0,992531.0,179.605173
TSLA,2024-06-17 00:00:00-04,177.92,188.81,177.0,187.44,109786083.0,1250018.0,185.271739
TSLA,2024-06-18 00:00:00-04,186.56,187.2,182.37,184.86,68982265.0,839261.0,184.274017
TSLA,2024-06-20 00:00:00-04,184.68,185.21,179.66,181.57,55893139.0,781089.0,181.955611
TSLA,2024-06-21 00:00:00-04,182.3,183.95,180.69,183.01,63029482.0,653882.0,182.35884
TSLA,2024-06-24 00:00:00-04,184.97,188.8,182.55,182.58,61992070.0,835021.0,185.045823
TSLA,2024-06-25 00:00:00-04,184.4,187.97,182.01,187.35,63678265.0,757448.0,185.906816
TSLA,2024-06-26 00:00:00-04,186.54,197.755,186.36,196.37,95737066.0,1157377.0,194.017514
TSLA,2024-06-27 00:00:00-04,195.17,198.72,194.05,197.42,72746521.0,879683.0,196.223345
TSLA,2024-06-28 00:00:00-04,199.55,203.2,195.26,197.88,95205166.0,1062285.0,199.382161
TSLA,2024-07-01 00:00:00-04,201.02,213.23,200.85,209.86,135691395.0,1561630.0,209.208978
TSLA,2024-07-02 00:00:00-04,218.89,231.3,218.06,231.26,205047920.0,2267405.0,227.24125
TSLA,2024-07-03 00:00:00-04,234.56,248.35,234.25,246.39,166561471.0,1985685.0,242.646865
TSLA,2024-07-05 00:00:00-04,249.81,252.37,242.4601,251.52,154501152.0,1719319.0,247.976076
TSLA,2024-07-08 00:00:00-04,247.71,259.439,244.57,252.94,157219580.0,1689276.0,252.720729
TSLA,2024-07-09 00:00:00-04,251.0,265.61,250.3,262.33,160742516.0,1651527.0,260.331286
TSLA,2024-07-10 00:00:00-04,262.8,267.59,257.86,263.26,128519430.0,1420791.0,263.450029
TSLA,2024-07-11 00:00:00-04,263.3,271.0,239.65,241.03,221707273.0,2469329.0,252.919859
TSLA,2024-07-12 00:00:00-04,235.8,251.84,233.0912,248.23,155955773.0,1717924.0,247.117343
TSLA,2024-07-15 00:00:00-04,255.97,265.6,251.73,252.64,146912920.0,1684907.0,259.455378
TSLA,2024-07-16 00:00:00-04,255.31,258.62,245.8001,256.56,126332470.0,1351343.0,252.971113
TSLA,2024-07-17 00:00:00-04,252.73,258.47,246.182,248.5,115584810.0,1328854.0,250.703005
TSLA,2024-07-18 00:00:00-04,251.09,257.14,247.2,249.23,110869037.0,1262136.0,252.307059
TSLA,2024-07-19 00:00:00-04,247.79,249.44,236.83,239.2,87403903.0,1169238.0,241.524185
TSLA,2024-07-22 00:00:00-04,244.21,253.21,243.75,251.51,101225430.0,1216659.0,249.677257
TSLA,2024-07-23 00:00:00-04,253.6,255.7594,245.63,246.38,111928192.0,1425797.0,248.800826
TSLA,2024-07-24 00:00:00-04,225.42,225.99,214.71,215.99,167942939.0,2100837.0,219.039313
TSLA,2024-07-25 00:00:00-04,216.8,226.0,216.231,220.25,100636466.0,1290153.0,222.389696
TSLA,2024-07-26 00:00:00-04,221.19,222.2799,215.33,219.8,94604145.0,1067581.0,219.059243
TSLA,2024-07-29 00:00:00-04,224.9,234.27,224.7,232.1,129201789.0,1303488.0,230.956988
TSLA,2024-07-30 00:00:00-04,232.25,232.41,220.0,222.62,100560334.0,1153965.0,225.424534
TSLA,2024-07-31 00:00:00-04,227.9,234.68,226.7875,232.07,67497011.0,892321.0,231.55498
TSLA,2024-08-01 00:00:00-04,227.69,231.867,214.3328,216.86,83861898.0,1133352.0,221.946165
TSLA,2024-08-02 00:00:00-04,214.88,216.13,205.78,207.67,82880120.0,1192035.0,209.75854
TSLA,2024-08-05 00:00:00-04,185.22,203.8799,182.0,198.88,100308836.0,1533459.0,197.085682
TSLA,2024-08-06 00:00:00-04,200.75,202.9,192.67,200.64,73783942.0,1087409.0,198.789469
TSLA,2024-08-07 00:00:00-04,200.77,203.49,191.48,191.76,71159778.0,1027014.0,196.734993
TSLA,2024-08-08 00:00:00-04,195.7,200.7,192.04,198.84,65033874.0,876899.0,197.521815
TSLA,2024-08-09 00:00:00-04,197.05,200.88,195.11,200.0,58648274.0,799121.0,198.339864
TSLA,2024-08-12 00:00:00-04,199.02,199.26,194.67,197.49,64044903.0,829425.0,197.109458
TSLA,2024-08-13 00:00:00-04,198.47,208.49,197.06,207.83,76247387.0,933166.0,205.197089
TSLA,2024-08-14 00:00:00-04,207.39,208.44,198.75,201.38,70250014.0,894617.0,201.718409
TSLA,2024-08-15 00:00:00-04,205.02,215.88,204.82,214.14,89848530.0,1029269.0,213.096749
TSLA,2024-08-16 00:00:00-04,211.15,219.8,210.8,216.12,88765122.0,932418.0,216.434577
TSLA,2024-08-19 00:00:00-04,217.07,222.98,214.09,222.72,76435222.0,977931.0,220.105397
TSLA,2024-08-20 00:00:00-04,224.88,228.22,219.56,221.1,74001182.0,927878.0,222.791817
TSLA,2024-08-21 00:00:00-04,222.67,224.6594,218.86,223.27,70145964.0,774005.0,221.903184
TSLA,2024-08-22 00:00:00-04,223.82,224.8,210.32,210.66,79514482.0,1009554.0,216.908037
TSLA,2024-08-23 00:00:00-04,214.455,221.48,214.21,220.32,81525207.0,932936.0,218.453752
TSLA,2024-08-26 00:00:00-04,218.75,219.09,211.01,213.21,59301187.0,865858.0,213.843704
TSLA,2024-08-27 00:00:00-04,213.25,215.66,206.94,209.21,62821390.0,788663.0,209.894912
TSLA,2024-08-28 00:00:00-04,209.72,211.84,202.59,205.75,64116350.0,816477.0,205.951438
TSLA,2024-08-29 00:00:00-04,209.8,214.89,205.97,206.28,62308818.0,824209.0,210.47838
TSLA,2024-08-30 00:00:00-04,208.63,214.5701,207.03,214.11,63370608.0,797416.0,210.586027
TSLA,2024-09-03 00:00:00-04,215.26,219.9043,209.64,210.6,76714222.0,1096746.0,214.320776
TSLA,2024-09-04 00:00:00-04,210.59,222.22,210.57,219.41,80651767.0,1039843.0,218.667749
TSLA,2024-09-05 00:00:00-04,223.49,235.0,222.25,230.17,119355013.0,1422107.0,229.66563
TSLA,2024-09-06 00:00:00-04,232.6,233.6,210.51,210.73,112177004.0,1443035.0,218.425428
TSLA,2024-09-09 00:00:00-04,216.2,219.87,213.67,216.27,67443518.0,963329.0,216.976641
TSLA,2024-09-10 00:00:00-04,220.07,226.4,218.6377,226.17,78891136.0,996256.0,222.916946
TSLA,2024-09-11 00:00:00-04,224.55,228.47,216.8003,228.13,83548633.0,1000721.0,222.682695
TSLA,2024-09-12 00:00:00-04,224.66,231.45,223.83,229.81,72020042.0,954671.0,229.004444
TSLA,2024-09-13 00:00:00-04,228.0,232.67,226.32,230.29,59515114.0,803426.0,229.618634
TSLA,2024-09-16 00:00:00-04,229.3,229.96,223.53,226.78,54322995.0,780722.0,227.091594
TSLA,2024-09-17 00:00:00-04,229.45,234.57,226.5533,227.87,66761636.0,838870.0,230.678221
TSLA,2024-09-18 00:00:00-04,230.09,235.68,226.88,227.2,78010204.0,965527.0,230.107879
TSLA,2024-09-19 00:00:00-04,234.0,244.24,232.13,243.92,102694576.0,1283390.0,240.726808
TSLA,2024-09-20 00:00:00-04,241.52,243.99,235.92,238.25,99879070.0,1024302.0,239.128476
TSLA,2024-09-23 00:00:00-04,242.61,250.0,241.92,250.0,86927194.0,1135399.0,248.056294
TSLA,2024-09-24 00:00:00-04,254.08,257.19,249.0501,254.27,88490999.0,1115225.0,253.310192
TSLA,2024-09-25 00:00:00-04,252.54,257.05,252.28,257.02,65034318.0,878573.0,255.366628
TSLA,2024-09-26 00:00:00-04,260.6,261.75,251.53,254.22,67142193.0,848598.0,255.794145
TSLA,2024-09-27 00:00:00-04,257.375,260.6999,254.12,260.46,70988067.0,933692.0,258.213429
TSLA,2024-09-30 00:00:00-04,259.04,264.86,255.77,261.63,80873381.0,1081088.0,260.055672
TSLA,2024-10-01 00:00:00-04,262.67,263.98,248.53,258.02,87397613.0,1158965.0,255.185076
TSLA,2024-10-02 00:00:00-04,247.55,251.1585,241.5,249.02,93988780.0,1255143.0,247.20837
TSLA,2024-10-03 00:00:00-04,244.48,249.79,237.81,240.66,80729240.0,1046594.0,242.906991
TSLA,2024-10-04 00:00:00-04,246.69,250.96,244.58,250.08,86726285.0,1105878.0,248.21465
TSLA,2024-10-07 00:00:00-04,249.0,249.83,240.7,240.83,68113270.0,1020620.0,244.246201
TSLA,2024-10-08 00:00:00-04,243.56,246.21,240.56,244.5,56303160.0,789918.0,244.17498
TSLA,2024-10-09 00:00:00-04,243.82,247.43,239.51,241.05,66289529.0,907028.0,243.504127
TSLA,2024-10-10 00:00:00-04,241.81,242.7899,232.34,238.77,83087063.0,1091415.0,238.918541
TSLA,2024-10-11 00:00:00-04,220.13,223.34,214.38,217.8,142628874.0,2106777.0,219.267879
TSLA,2024-10-14 00:00:00-04,220.13,221.91,213.74,219.16,86295523.0,1345399.0,218.408438
TSLA,2024-10-15 00:00:00-04,220.01,224.26,217.12,219.57,62988787.0,918555.0,220.587822
TSLA,2024-10-16 00:00:00-04,221.4,222.8199,218.93,221.33,49632824.0,733493.0,220.882636
TSLA,2024-10-17 00:00:00-04,221.59,222.08,217.9,220.89,50791784.0,751927.0,220.059449
TSLA,2024-10-18 00:00:00-04,220.71,222.28,219.23,220.7,49611867.0,689769.0,221.040776
TSLA,2024-10-21 00:00:00-04,218.9,220.48,215.726,218.85,47328988.0,817710.0,218.329742
TSLA,2024-10-22 00:00:00-04,217.31,218.22,215.26,217.97,43268741.0,727711.0,216.879015
TSLA,2024-10-23 00:00:00-04,217.125,218.72,212.11,213.65,80938892.0,1217483.0,214.936288
TSLA,2024-10-24 00:00:00-04,244.68,262.1199,242.65,260.48,204491903.0,2592173.0,253.716439
TSLA,2024-10-25 00:00:00-04,256.01,269.49,255.32,269.19,161611931.0,1911797.0,266.083265
TSLA,2024-10-28 00:00:00-04,270.0,273.536,262.24,262.51,107653603.0,1410052.0,268.354901
TSLA,2024-10-29 00:00:00-04,264.51,264.98,255.51,259.52,80521751.0,1099634.0,259.480108
TSLA,2024-10-30 00:00:00-04,258.035,263.35,255.8201,257.55,53993576.0,827316.0,260.459011
TSLA,2024-10-31 00:00:00-04,257.99,259.75,249.25,249.85,66575292.0,900186.0,252.608271
TSLA,2024-11-01 00:00:00-04,252.043,254.0,246.63,248.98,57544757.0,850441.0,249.993414
TSLA,2024-11-04 00:00:00-05,244.56,248.9,238.88,242.84,68802354.0,977682.0,244.200724
TSLA,2024-11-05 00:00:00-05,247.34,255.2799,246.2101,251.44,69282505.0,979572.0,252.227263
TSLA,2024-11-06 00:00:00-05,284.67,289.59,275.62,288.53,165228710.0,2645076.0,285.313577
TSLA,2024-11-07 00:00:00-05,288.89,299.75,285.52,296.91,117309232.0,1752205.0,295.600446
TSLA,2024-11-08 00:00:00-05,299.14,328.71,297.66,321.22,204782763.0,2910016.0,316.692769
TSLA,2024-11-11 00:00:00-05,346.3,358.64,336.0,350.0,210521625.0,3203855.0,346.387775
TSLA,2024-11-12 00:00:00-05,342.74,345.84,323.31,328.49,155726016.0,2435545.0,334.345325
TSLA,2024-11-13 00:00:00-05,335.85,344.5999,322.5,330.24,125405599.0,1770604.0,331.377575
TSLA,2024-11-14 00:00:00-05,327.69,329.98,310.37,311.18,120726109.0,1702771.0,317.517044
TSLA,2024-11-15 00:00:00-05,310.57,324.6799,309.22,320.72,114440286.0,1499022.0,318.353991
TSLA,2024-11-18 00:00:00-05,340.73,348.5499,330.01,338.74,126620574.0,1765754.0,340.421148
TSLA,2024-11-19 00:00:00-05,335.76,347.3799,332.75,346.0,88852452.0,1227344.0,342.868436
TSLA,2024-11-20 00:00:00-05,345.0,346.5999,334.3,342.03,66205416.0,961035.0,339.645857
TSLA,2024-11-21 00:00:00-05,343.81,347.9899,335.28,339.64,58011719.0,894804.0,341.890929
TSLA,2024-11-22 00:00:00-05,341.085,361.53,337.7,352.56,89140722.0,1211368.0,350.210598
TSLA,2024-11-25 00:00:00-05,360.14,361.93,338.2,338.59,95890899.0,1352217.0,349.279085
TSLA,2024-11-26 00:00:00-05,341.0,346.96,335.66,338.23,62295857.0,900077.0,341.486449
TSLA,2024-11-27 00:00:00-05,341.8,342.55,326.59,332.89,57896439.0,878200.0,333.076521
TSLA,2024-11-29 00:00:00-05,336.08,345.45,334.6501,345.16,37167621.0,519477.0,340.31644
TSLA,2024-12-02 00:00:00-05,352.38,360.0,351.1501,357.09,77986478.0,1117599.0,355.988891
TSLA,2024-12-03 00:00:00-05,351.8,355.69,348.2,351.42,58267196.0,834919.0,350.981238
TSLA,2024-12-04 00:00:00-05,353.0,358.1,348.6,357.93,50810874.0,706523.0,353.008985
TSLA,2024-12-05 00:00:00-05,359.87,375.43,359.5,369.49,81403569.0,1212221.0,370.295775
TSLA,2024-12-06 00:00:00-05,377.42,389.49,370.8,389.22,81455834.0,1145513.0,378.435864
TSLA,2024-12-09 00:00:00-05,397.61,404.8,378.01,389.79,96359173.0,1488655.0,388.888046
TSLA,2024-12-10 00:00:00-05,392.68,409.73,390.85,400.99,97563578.0,1458459.0,403.376888
TSLA,2024-12-11 00:00:00-05,409.7,424.88,402.38,424.77,104287559.0,1533094.0,414.821737
TSLA,2024-12-12 00:00:00-05,424.84,429.3,415.0,418.1,87752225.0,1397331.0,421.696696
TSLA,2024-12-13 00:00:00-05,420.0,436.3,415.71,436.23,89000158.0,1319682.0,428.340815
TSLA,2024-12-16 00:00:00-05,441.09,463.19,436.15,463.02,114083811.0,1906382.0,453.075452
TSLA,2024-12-17 00:00:00-05,475.9,483.99,457.5101,479.86,131222978.0,2228464.0,473.779226
TSLA,2024-12-18 00:00:00-05,466.495,488.5399,427.01,440.13,149340788.0,2544060.0,462.408782
TSLA,2024-12-19 00:00:00-05,451.88,456.36,420.02,436.17,118566146.0,1977577.0,437.747352
TSLA,2024-12-20 00:00:00-05,425.505,447.08,417.64,421.06,132216176.0,1816629.0,431.669349
TSLA,2024-12-23 00:00:00-05,431.0,434.51,415.4112,430.6,72698055.0,1187250.0,428.677054
TSLA,2024-12-24 00:00:00-05,435.9,462.78,435.14,462.28,59551750.0,936767.0,451.6592
TSLA,2024-12-26 00:00:00-05,465.16,465.3299,451.02,454.13,76651210.0,1251616.0,456.515136
TSLA,2024-12-27 00:00:00-05,449.52,450.0,426.5,431.66,82666821.0,1352471.0,434.553184
TSLA,2024-12-30 00:00:00-05,419.4,427.0,415.75,417.41,64941012.0,1178088.0,420.769552
TSLA,2024-12-31 00:00:00-05,423.79,427.93,402.54,403.84,76825121.0,1214553.0,413.079198
TSLA,2025-01-02 00:00:00-05,390.1,392.7299,373.04,379.28,109710749.0,2134259.0,380.93662
TSLA,2025-01-03 00:00:00-05,381.48,411.8799,379.45,410.44,95423329.0,1446053.0,397.358166
TSLA,2025-01-06 00:00:00-05,423.2,426.43,401.7,411.05,85516534.0,1538768.0,411.926339
TSLA,2025-01-07 00:00:00-05,405.83,414.33,390.0,394.36,75699525.0,1307364.0,397.553043
TSLA,2025-01-08 00:00:00-05,392.95,402.4999,387.4,394.94,73038805.0,1053233.0,395.503484
TSLA,2025-01-10 00:00:00-05,391.4,399.28,377.29,394.74,62287333.0,1013456.0,392.521782
TSLA,2025-01-13 00:00:00-05,383.21,403.79,380.07,403.31,67580494.0,1091602.0,392.287984
TSLA,2025-01-14 00:00:00-05,414.34,422.64,394.54,396.36,84565022.0,1329525.0,408.315226
TSLA,2025-01-15 00:00:00-05,409.9,429.8,405.661,428.22,81375460.0,1270362.0,419.665889
TSLA,2025-01-16 00:00:00-05,423.49,424.0,409.13,413.82,68335151.0,1115835.0,414.692584
TSLA,2025-01-17 00:00:00-05,421.5,439.74,419.75,426.5,94991429.0,1408188.0,431.143857
TSLA,2025-01-21 00:00:00-05,432.64,433.2,406.31,424.07,87320894.0,1525520.0,416.698413
TSLA,2025-01-22 00:00:00-05,416.81,428.0,414.59,415.11,60963342.0,997855.0,419.951867
TSLA,2025-01-23 00:00:00-05,416.06,420.73,408.95,412.38,50690592.0,858456.0,412.953492
TSLA,2025-01-24 00:00:00-05,414.45,418.88,405.78,406.58,56427149.0,880013.0,411.805184
TSLA,2025-01-27 00:00:00-05,394.8,406.69,389.0,397.15,58125510.0,1169771.0,398.061358
TSLA,2025-01-28 00:00:00-05,396.91,400.59,386.5,398.09,48910676.0,832535.0,393.759183
TSLA,2025-01-29 00:00:00-05,395.21,398.5899,384.48,389.1,68033648.0,1233281.0,390.198862
TSLA,2025-01-30 00:00:00-05,410.78,412.5,384.41,400.28,98092879.0,1520074.0,398.863881
TSLA,2025-01-31 00:00:00-05,401.53,419.99,401.34,404.6,83568219.0,1221590.0,411.562838
TSLA,2025-02-03 00:00:00-05,386.68,389.17,374.36,383.68,93667990.0,1628253.0,382.79558
TSLA,2025-02-04 00:00:00-05,382.63,394.0,381.4,392.21,56887097.0,898728.0,387.034276
TSLA,2025-02-05 00:00:00-05,387.51,388.39,375.53,378.17,57614721.0,992349.0,381.307481
TSLA,2025-02-06 00:00:00-05,373.03,375.4,363.18,374.32,77918230.0,1355558.0,368.749796
TSLA,2025-02-07 00:00:00-05,370.19,380.5459,360.34,361.62,70039450.0,1174003.0,368.731833
TSLA,2025-02-10 00:00:00-05,356.21,362.7,350.51,350.73,77475129.0,1336497.0,356.578934
TSLA,2025-02-11 00:00:00-05,345.8,349.37,325.1,328.5,118543400.0,1942757.0,335.217463
TSLA,2025-02-12 00:00:00-05,329.94,346.4,329.12,336.51,105382729.0,1582239.0,339.515711
TSLA,2025-02-13 00:00:00-05,345.0,358.69,342.85,355.94,89441519.0,1349829.0,352.237369
TSLA,2025-02-14 00:00:00-05,360.62,362.0,347.5,355.84,68277279.0,1058534.0,353.259755
TSLA,2025-02-18 00:00:00-05,355.01,359.1,350.02,354.11,51631702.0,897273.0,354.488447
TSLA,2025-02-19 00:00:00-05,354.0,367.34,353.67,360.56,67020286.0,961336.0,361.863395
TSLA,2025-02-20 00:00:00-05,361.51,362.3,348.0,354.4,45965354.0,778485.0,353.36419
TSLA,2025-02-21 00:00:00-05,353.44,354.98,334.42,337.8,74058648.0,1120548.0,342.133875
TSLA,2025-02-24 00:00:00-05,338.14,342.3973,324.7,330.53,76052321.0,1245962.0,333.274028
TSLA,2025-02-25 00:00:00-05,327.025,328.89,297.2512,302.8,134228777.0,2229729.0,305.85086
TSLA,2025-02-26 00:00:00-05,303.715,309.0,288.04,290.8,100118276.0,1673163.0,296.998498
TSLA,2025-02-27 00:00:00-05,291.16,297.23,280.88,281.95,101748197.0,1493684.0,287.317467
TSLA,2025-02-28 00:00:00-05,279.5,293.88,273.6,292.98,115696968.0,1571967.0,287.208796
TSLA,2025-03-03 00:00:00-05,300.34,303.94,277.3,284.65,115551414.0,1628425.0,292.134741
TSLA,2025-03-04 00:00:00-05,270.93,284.35,261.8401,272.04,126706623.0,1989579.0,271.460114
TSLA,2025-03-05 00:00:00-05,272.92,279.55,267.71,279.1,94042913.0,1289438.0,273.802495
TSLA,2025-03-06 00:00:00-05,272.06,272.65,260.02,263.45,98451566.0,1504633.0,265.324371
TSLA,2025-03-07 00:00:00-05,259.32,266.2499,250.73,262.67,102369640.0,1461875.0,259.833942
TSLA,2025-03-10 00:00:00-04,252.535,253.37,220.0,222.15,189076948.0,2809174.0,232.310131
TSLA,2025-03-11 00:00:00-04,225.305,237.0649,217.02,230.58,174896415.0,2439849.0,229.314974
TSLA,2025-03-12 00:00:00-04,247.22,251.84,241.1,248.09,142215681.0,1874690.0,247.456695
TSLA,2025-03-13 00:00:00-04,248.125,248.29,232.6,240.68,114813525.0,1536071.0,238.628866
TSLA,2025-03-14 00:00:00-04,247.31,251.58,240.73,249.98,100242264.0,1280257.0,247.210245
TSLA,2025-03-17 00:00:00-04,245.055,245.4,232.8,238.01,111900565.0,1489431.0,238.132321
TSLA,2025-03-18 00:00:00-04,228.155,230.1,222.28,225.31,111477636.0,1521430.0,225.928552
TSLA,2025-03-19 00:00:00-04,231.61,241.41,229.201,235.86,111991788.0,1335644.0,234.486109
TSLA,2025-03-20 00:00:00-04,233.345,238.0,230.0501,236.26,99028270.0,1223405.0,234.324104
TSLA,2025-03-21 00:00:00-04,234.985,249.52,234.55,248.71,132728684.0,1468859.0,243.518246
TSLA,2025-03-24 00:00:00-04,258.075,278.64,256.33,278.39,169079865.0,2140074.0,271.801762
TSLA,2025-03-25 00:00:00-04,283.6,288.2,271.28,288.14,150361538.0,1953630.0,279.24187
TSLA,2025-03-26 00:00:00-04,282.66,284.9,266.51,272.06,156254441.0,1896601.0,274.400472
TSLA,2025-03-27 00:00:00-04,272.48,291.85,271.8216,273.13,162572146.0,1941634.0,280.264619
TSLA,2025-03-28 00:00:00-04,275.575,276.1,260.57,263.55,123809389.0,1578132.0,265.805682
TSLA,2025-03-31 00:00:00-04,249.31,260.56,243.3601,259.16,134008936.0,1661129.0,252.69498
TSLA,2025-04-01 00:00:00-04,263.8,277.45,259.25,268.46,146486911.0,1965296.0,270.125037
TSLA,2025-04-02 00:00:00-04,254.6,284.99,251.27,282.76,212787817.0,2716691.0,274.361909
TSLA,2025-04-03 00:00:00-04,265.29,276.3,261.51,267.28,136174249.0,1807953.0,268.141151
TSLA,2025-04-04 00:00:00-04,255.38,261.0,236.0,239.43,181229079.0,2734593.0,244.356308
TSLA,2025-04-07 00:00:00-04,223.78,252.0,214.25,233.29,183453776.0,2843798.0,230.198623
TSLA,2025-04-08 00:00:00-04,245.0,250.44,217.8,221.86,171586762.0,2360023.0,235.466454
TSLA,2025-04-09 00:00:00-04,224.69,274.69,223.88,272.2,219413231.0,2862321.0,249.494756
TSLA,2025-04-10 00:00:00-04,260.0,262.49,239.33,252.4,181722604.0,2332728.0,250.851654
TSLA,2025-04-11 00:00:00-04,251.84,257.74,241.3629,252.31,128948085.0,1584325.0,248.452539
TSLA,2025-04-14 00:00:00-04,258.36,261.8,245.93,252.35,100135241.0,1321953.0,252.627362
TSLA,2025-04-15 00:00:00-04,249.91,258.75,247.54,254.11,79594318.0,970817.0,254.232462
TSLA,2025-04-16 00:00:00-04,247.61,251.97,233.89,241.55,112378737.0,1349129.0,243.577152
TSLA,2025-04-17 00:00:00-04,243.47,244.34,237.6833,241.37,83403802.0,910557.0,240.942114
TSLA,2025-04-21 00:00:00-04,230.26,232.21,222.79,227.5,97768007.0,1388841.0,225.801338
TSLA,2025-04-22 00:00:00-04,230.96,242.79,229.8501,237.97,120858152.0,1540238.0,237.244623
TSLA,2025-04-23 00:00:00-04,254.86,259.4499,244.43,250.74,150381903.0,1936456.0,253.15678
TSLA,2025-04-24 00:00:00-04,250.5,259.54,249.2,259.51,94464195.0,1203317.0,255.494543
TSLA,2025-04-25 00:00:00-04,261.69,286.85,259.63,284.95,167560688.0,2065772.0,278.37792
TSLA,2025-04-28 00:00:00-04,288.98,294.86,272.42,285.88,151731771.0,1914021.0,282.704404
TSLA,2025-04-29 00:00:00-04,285.5,293.32,279.4695,292.03,108906553.0,1298014.0,285.175799
TSLA,2025-04-30 00:00:00-04,279.9,284.45,270.78,282.16,128961057.0,1589240.0,278.137209
TSLA,2025-05-01 00:00:00-04,280.01,290.8688,279.81,280.52,99658974.0,1267297.0,284.566062
TSLA,2025-05-02 00:00:00-04,284.9,294.78,279.81,287.21,114454683.0,1395354.0,288.191999
TSLA,2025-05-05 00:00:00-04,284.57,284.849,274.4,280.26,94618882.0,1233954.0,279.233292
TSLA,2025-05-06 00:00:00-04,273.105,277.73,271.35,275.35,76715792.0,1008547.0,274.447189
TSLA,2025-05-07 00:00:00-04,276.88,277.92,271.0,276.22,71882408.0,953496.0,274.671214
TSLA,2025-05-08 00:00:00-04,279.63,289.8,279.41,284.82,97539448.0,1269219.0,285.627456
TSLA,2025-05-09 00:00:00-04,290.21,307.04,290.0,298.26,132387835.0,1815734.0,299.712436
TSLA,2025-05-12 00:00:00-04,321.99,322.21,311.5,318.38,112826661.0,1726223.0,317.361892
TSLA,2025-05-13 00:00:00-04,320.0,337.5894,316.8,334.07,136992574.0,1953281.0,327.941951
TSLA,2025-05-14 00:00:00-04,342.5,350.0,337.0,347.68,136997264.0,2035914.0,344.733807
TSLA,2025-05-15 00:00:00-04,340.34,346.1393,334.7153,342.82,97882596.0,1497945.0,340.835245
TSLA,2025-05-16 00:00:00-04,346.24,351.62,342.33,349.98,95895665.0,1379605.0,347.526299
TSLA,2025-05-19 00:00:00-04,336.3,343.0,333.37,342.09,88869853.0,1323410.0,339.574317
TSLA,2025-05-20 00:00:00-04,347.87,354.9899,341.63,343.82,131715548.0,1692674.0,347.943686
TSLA,2025-05-21 00:00:00-04,344.43,347.35,332.2,334.62,102354844.0,1385245.0,340.869034
TSLA,2025-05-22 00:00:00-04,331.9,347.27,331.39,341.04,97113416.0,1293481.0,341.760344
TSLA,2025-05-23 00:00:00-04,337.92,343.18,333.21,339.34,84654818.0,1221900.0,338.525412
TSLA,2025-05-27 00:00:00-04,347.35,363.79,347.32,362.89,120146414.0,1708939.0,358.036115
TSLA,2025-05-28 00:00:00-04,364.84,365.0,355.91,356.9,91404309.0,1308569.0,360.956836
TSLA,2025-05-29 00:00:00-04,365.29,367.71,356.0,358.43,88545666.0,1237482.0,361.484972
TSLA,2025-05-30 00:00:00-04,355.52,363.68,345.29,346.46,123474938.0,1543177.0,352.889665
TSLA,2025-06-02 00:00:00-04,343.5,348.02,333.33,342.69,81873829.0,1275945.0,339.491017
TSLA,2025-06-03 00:00:00-04,346.595,355.4,343.04,344.27,99324544.0,1314170.0,348.676616
TSLA,2025-06-04 00:00:00-04,345.095,345.6,327.3308,332.05,98912075.0,1543538.0,333.615394
TSLA,2025-06-05 00:00:00-04,322.49,324.5499,273.21,284.7,292818655.0,4540980.0,299.470414
TSLA,2025-06-06 00:00:00-04,298.83,305.5,291.14,295.14,164747685.0,2633849.0,298.669856
TSLA,2025-06-09 00:00:00-04,285.955,309.83,281.85,308.58,140908876.0,2186548.0,297.646676
TSLA,2025-06-10 00:00:00-04,314.94,327.83,310.667,326.09,151256520.0,1909827.0,319.476398
TSLA,2025-06-11 00:00:00-04,334.395,335.5,322.5,326.43,122611360.0,1695777.0,329.377479
TSLA,2025-06-12 00:00:00-04,323.075,332.56,316.86,319.11,105127536.0,1355009.0,324.246348
TSLA,2025-06-13 00:00:00-04,313.97,332.99,313.3,325.31,128909461.0,1640930.0,324.000041
TSLA,2025-06-16 00:00:00-04,331.29,332.05,326.41,329.13,83925858.0,1124313.0,329.42715
TSLA,2025-06-17 00:00:00-04,326.09,327.26,314.74,316.35,88282669.0,1298505.0,319.77394
TSLA,2025-06-18 00:00:00-04,317.31,329.32,315.45,322.05,95137686.0,1183020.0,323.384771
TSLA,2025-06-20 00:00:00-04,327.95,332.36,317.78,322.16,108688008.0,1326276.0,322.89186
TSLA,2025-06-23 00:00:00-04,327.54,357.54,327.48,348.68,190716815.0,2774862.0,348.316246
TSLA,2025-06-24 00:00:00-04,356.17,356.26,340.44,340.47,114736245.0,1710731.0,344.164906
TSLA,2025-06-25 00:00:00-04,342.7,343.0,320.4,327.55,119845050.0,1869762.0,327.125101
TSLA,2025-06-26 00:00:00-04,324.61,331.05,323.61,325.78,80440907.0,1163816.0,327.447244
TSLA,2025-06-27 00:00:00-04,324.51,329.3393,317.495,323.63,89067049.0,1196427.0,323.625908
TSLA,2025-06-30 00:00:00-04,319.9,325.5799,316.6,317.66,76695081.0,1209126.0,319.866679
TSLA,2025-07-01 00:00:00-04,298.46,305.89,293.21,300.71,145085665.0,2355569.0,300.912004
TSLA,2025-07-02 00:00:00-04,312.63,316.832,303.82,315.65,119483730.0,1697962.0,312.639795
TSLA,2025-07-03 00:00:00-04,317.99,318.45,312.76,315.35,58040839.0,839203.0,316.040871
TSLA,2025-07-07 00:00:00-04,291.37,296.15,288.7701,293.94,131177949.0,2299838.0,292.747942
TSLA,2025-07-08 00:00:00-04,297.0,304.0499,294.35,297.81,103246742.0,1414013.0,299.823059
TSLA,2025-07-09 00:00:00-04,297.55,300.15,293.55,295.88,75586771.0,1074609.0,296.214151
TSLA,2025-07-10 00:00:00-04,300.05,310.48,300.0,309.87,104364578.0,1434228.0,306.01865
TSLA,2025-07-11 00:00:00-04,307.89,314.09,305.65,313.51,79236442.0,1044742.0,310.385431
TSLA,2025-07-14 00:00:00-04,317.73,322.5986,312.67,316.9,78043430.0,1125530.0,315.84568
TSLA,2025-07-15 00:00:00-04,319.675,321.2,310.5,310.78,77556346.0,1102104.0,314.753026
TSLA,2025-07-16 00:00:00-04,312.8,323.5,312.62,321.67,97274906.0,1362313.0,319.180582
TSLA,2025-07-17 00:00:00-04,323.15,324.34,317.0601,319.41,73922340.0,1037658.0,320.856162
TSLA,2025-07-18 00:00:00-04,321.66,330.9,321.42,329.65,94254413.0,1230236.0,327.745378
TSLA,2025-07-21 00:00:00-04,334.4,338.0,326.88,328.49,75768797.0,1057852.0,329.925105
TSLA,2025-07-22 00:00:00-04,329.74,335.4098,321.55,332.11,77371071.0,1070116.0,330.561315
TSLA,2025-07-23 00:00:00-04,330.9,336.2,328.67,332.56,92582506.0,1324357.0,332.62768
TSLA,2025-07-24 00:00:00-04,310.0,310.15,300.41,305.3,156966023.0,2497470.0,304.351607
TSLA,2025-07-25 00:00:00-04,308.74,323.63,308.01,316.06,148227027.0,1813426.0,316.406141
TSLA,2025-07-28 00:00:00-04,318.45,330.49,315.69,325.59,112673755.0,1428358.0,325.619569
TSLA,2025-07-29 00:00:00-04,325.55,326.25,318.25,321.2,87358861.0,1082330.0,321.207784
TSLA,2025-07-30 00:00:00-04,322.18,324.4499,311.6164,319.04,83930961.0,1088663.0,318.345738
TSLA,2025-07-31 00:00:00-04,319.605,321.37,306.1,308.27,85270919.0,1254904.0,312.435234
TSLA,2025-08-01 00:00:00-04,306.205,309.31,297.82,302.63,89121446.0,1324801.0,303.906434
TSLA,2025-08-04 00:00:00-04,309.08,312.1186,303.0001,309.26,78683905.0,1122414.0,308.123369
TSLA,2025-08-05 00:00:00-04,308.95,312.4499,305.5,308.72,57961278.0,791172.0,308.505319
TSLA,2025-08-06 00:00:00-04,307.89,320.47,306.9345,319.91,78523579.0,1049304.0,317.227943
TSLA,2025-08-07 00:00:00-04,319.79,322.4,316.16,322.27,66658672.0,874806.0,319.391657
TSLA,2025-08-08 00:00:00-04,321.43,335.15,320.98,329.65,91200319.0,1242272.0,330.416593
TSLA,2025-08-11 00:00:00-04,335.0,346.64,334.15,339.03,105320174.0,1527158.0,342.13679
TSLA,2025-08-12 00:00:00-04,345.0,345.26,332.94,340.84,80690111.0,1143695.0,338.334264
TSLA,2025-08-13 00:00:00-04,341.5,348.98,338.2,339.38,67838892.0,982610.0,342.562636
TSLA,2025-08-14 00:00:00-04,335.76,340.4699,330.4,335.58,75000662.0,1050399.0,334.624536
TSLA,2025-08-15 00:00:00-04,337.655,339.3,327.02,330.56,74319792.0,930591.0,331.345245
TSLA,2025-08-18 00:00:00-04,329.62,336.27,329.59,335.16,56956552.0,778455.0,333.75092
TSLA,2025-08-19 00:00:00-04,335.79,340.55,327.85,329.31,75956002.0,1023971.0,333.066409
TSLA,2025-08-20 00:00:00-04,329.22,331.37,314.6,323.9,77481768.0,1123164.0,321.289171
TSLA,2025-08-21 00:00:00-04,322.08,324.9,318.68,320.11,55744445.0,735268.0,321.6548
TSLA,2025-08-22 00:00:00-04,321.66,340.25,319.69,340.01,94016347.0,1266653.0,335.139049
TSLA,2025-08-25 00:00:00-04,338.9,349.53,335.03,346.6,86670037.0,1228584.0,344.267256
TSLA,2025-08-26 00:00:00-04,344.93,351.9,343.72,351.67,76651550.0,996119.0,347.559033
TSLA,2025-08-27 00:00:00-04,351.94,355.39,349.156,349.6,65519012.0,954967.0,351.536314
TSLA,2025-08-28 00:00:00-04,350.91,353.55,340.26,345.98,67903224.0,914056.0,345.70399
TSLA,2025-08-29 00:00:00-04,347.23,348.7499,331.7,333.87,81138443.0,1143452.0,336.954198
TSLA,2025-09-02 00:00:00-04,328.23,333.33,325.6,329.36,58391952.0,918177.0,329.684965
TSLA,2025-09-03 00:00:00-04,335.2,343.33,328.51,334.09,88733288.0,1299631.0,337.343823
TSLA,2025-09-04 00:00:00-04,336.15,338.89,331.48,338.53,60711033.0,778497.0,335.100878
TSLA,2025-09-05 00:00:00-04,348.0,355.87,344.6801,350.84,108980073.0,1435532.0,349.923401
TSLA,2025-09-08 00:00:00-04,354.64,358.44,344.84,346.4,75208290.0,1108086.0,349.285344
TSLA,2025-09-09 00:00:00-04,348.44,350.77,343.82,346.97,53815991.0,754844.0,347.103802
TSLA,2025-09-10 00:00:00-04,350.55,356.33,346.07,347.79,72121679.0,1031117.0,351.675448
TSLA,2025-09-11 00:00:00-04,350.17,368.99,347.6,368.81,103732806.0,1497006.0,361.518918
TSLA,2025-09-12 00:00:00-04,370.94,396.6899,370.24,395.94,168156391.0,2297046.0,389.625827
TSLA,2025-09-15 00:00:00-04,423.13,425.7,402.43,410.04,163823667.0,2700428.0,415.756759
TSLA,2025-09-16 00:00:00-04,414.495,423.25,411.43,421.62,104285721.0,1559330.0,418.56815
TSLA,2025-09-17 00:00:00-04,415.75,428.312,409.67,425.86,106133532.0,1583834.0,418.806996
TSLA,2025-09-18 00:00:00-04,428.865,432.2199,416.56,416.85,90454494.0,1366927.0,424.710576
TSLA,2025-09-19 00:00:00-04,421.82,429.47,421.72,426.07,93131034.0,1104123.0,425.25338
TSLA,2025-09-22 00:00:00-04,431.11,444.98,429.13,434.21,97108777.0,1606043.0,437.439871
TSLA,2025-09-23 00:00:00-04,439.88,440.97,423.72,425.85,83422691.0,1287529.0,431.403206
TSLA,2025-09-24 00:00:00-04,429.83,444.21,429.0301,442.79,93133570.0,1339490.0,438.73513
TSLA,2025-09-25 00:00:00-04,435.24,435.35,419.08,423.39,96746426.0,1627174.0,426.548248
TSLA,2025-09-26 00:00:00-04,428.3,440.47,421.02,440.4,101628160.0,1474293.0,432.39664
TSLA,2025-09-29 00:00:00-04,444.35,450.98,439.5,443.21,79491510.0,1352449.0,443.521585
TSLA,2025-09-30 00:00:00-04,441.52,445.0,433.12,444.72,74357960.0,1185786.0,439.716532
TSLA,2025-10-01 00:00:00-04,443.8,462.29,440.75,459.46,98122285.0,1781994.0,455.247009
TSLA,2025-10-02 00:00:00-04,470.54,470.75,435.57,436.0,137008950.0,2669454.0,448.757242
TSLA,2025-10-03 00:00:00-04,443.285,446.77,416.575,429.83,133188180.0,2485070.0,428.27685
TSLA,2025-10-06 00:00:00-04,440.75,453.55,436.69,453.25,85324878.0,1750864.0,446.979618
TSLA,2025-10-07 00:00:00-04,447.82,452.68,432.4501,433.09,102296082.0,1910064.0,442.730942
TSLA,2025-10-08 00:00:00-04,437.57,441.33,425.23,438.69,71192128.0,1225772.0,434.590574
TSLA,2025-10-09 00:00:00-04,431.81,436.35,426.18,435.54,69339928.0,1405569.0,431.410649
TSLA,2025-10-10 00:00:00-04,436.54,443.13,411.45,413.49,112107870.0,2401435.0,423.973714
TSLA,2025-10-13 00:00:00-04,423.53,436.89,419.7,435.9,79552785.0,1621057.0,429.076258
TSLA,2025-10-14 00:00:00-04,426.79,434.2,417.86,429.24,72669438.0,1420223.0,426.993999
TSLA,2025-10-15 00:00:00-04,434.9,440.51,426.3301,435.15,71558185.0,1363118.0,434.189253
TSLA,2025-10-16 00:00:00-04,434.73,439.35,421.3101,428.75,77189889.0,1427110.0,430.919709
TSLA,2025-10-17 00:00:00-04,425.5,441.4558,423.6,439.31,89331578.0,1598642.0,436.127851
TSLA,2025-10-20 00:00:00-04,443.865,449.8,440.61,447.43,63650560.0,1362507.0,445.090972
TSLA,2025-10-21 00:00:00-04,445.755,449.3,442.05,442.6,54411737.0,1166208.0,445.619285
TSLA,2025-10-22 00:00:00-04,443.45,445.539,429.0,438.97,84023458.0,1707313.0,436.184753
TSLA,2025-10-23 00:00:00-04,420.0,449.3999,413.9,448.98,126709833.0,2331202.0,435.427376
TSLA,2025-10-24 00:00:00-04,446.83,451.68,430.17,433.72,94726935.0,1832975.0,437.695926
TSLA,2025-10-27 00:00:00-04,439.98,460.16,438.69,452.42,105866837.0,2080778.0,452.093917
TSLA,2025-10-28 00:00:00-04,454.775,467.0,451.6,460.55,80185462.0,1615464.0,461.626084
TSLA,2025-10-29 00:00:00-04,462.5,465.7,452.65,461.51,67983469.0,1415324.0,460.231005
TSLA,2025-10-30 00:00:00-04,451.05,455.0607,439.61,440.1,72447738.0,1551347.0,444.746054
TSLA,2025-10-31 00:00:00-04,446.75,458.0,443.6855,456.56,83135787.0,1499835.0,452.135926
TSLA,2025-11-03 00:00:00-05,455.99,474.07,453.8,468.37,84595244.0,1844855.0,468.109865
TSLA,2025-11-04 00:00:00-05,454.46,460.22,443.6,444.26,87756644.0,1924961.0,450.569402
TSLA,2025-11-05 00:00:00-05,452.05,466.3299,440.71,462.07,85573015.0,1712752.0,454.725169
TSLA,2025-11-06 00:00:00-05,461.96,467.45,435.09,445.91,109622907.0,2216445.0,448.496687
TSLA,2025-11-07 00:00:00-05,437.92,439.36,421.88,429.52,103471495.0,2210359.0,430.051581
TSLA,2025-11-10 00:00:00-05,439.6,449.6715,433.36,445.23,76515907.0,1670439.0,444.060209
TSLA,2025-11-11 00:00:00-05,439.4,442.49,432.36,439.62,60533237.0,1330538.0,436.56548
TSLA,2025-11-12 00:00:00-05,442.15,442.329,426.56,430.6,58513520.0,1352685.0,431.760631
TSLA,2025-11-13 00:00:00-05,423.13,424.5,396.34,401.99,118948032.0,2648285.0,405.533099
TSLA,2025-11-14 00:00:00-05,386.3,412.19,382.78,404.35,105506682.0,2205129.0,402.397505
TSLA,2025-11-17 00:00:00-05,398.74,423.96,398.74,408.92,102214259.0,1988851.0,412.864895
TSLA,2025-11-18 00:00:00-05,405.38,408.9,393.71,401.25,80688637.0,1642729.0,402.067871
TSLA,2025-11-19 00:00:00-05,406.18,411.78,398.5,403.99,72047704.0,1469360.0,404.851065
TSLA,2025-11-20 00:00:00-05,414.63,428.94,394.74,395.23,113548827.0,2236418.0,411.22015
TSLA,2025-11-21 00:00:00-05,402.32,402.8,383.76,391.09,100460633.0,2028761.0,395.221011
TSLA,2025-11-24 00:00:00-05,402.17,421.72,401.09,417.78,96806374.0,1944880.0,416.015103
TSLA,2025-11-25 00:00:00-05,414.42,420.48,405.95,419.4,71915624.0,1466461.0,414.264961
TSLA,2025-11-26 00:00:00-05,423.95,426.94,416.89,426.58,63462996.0,1317774.0,422.053792
TSLA,2025-11-28 00:00:00-05,426.59,432.93,426.2,430.17,36252861.0,901789.0,429.551346
TSLA,2025-12-01 00:00:00-05,425.32,433.6599,425.29,430.14,57463552.0,1292787.0,428.571217
TSLA,2025-12-02 00:00:00-05,430.81,436.8,422.12,429.24,69336626.0,1439276.0,428.527076
TSLA,2025-12-03 00:00:00-05,432.1,447.92,431.11,446.74,87482964.0,1815303.0,442.061475
TSLA,2025-12-04 00:00:00-05,449.94,454.63,445.39,454.53,71906488.0,1558865.0,450.19077
TSLA,2025-12-05 00:00:00-05,453.03,458.87,451.66,455.0,56427522.0,1314577.0,455.168461
TSLA,2025-12-08 00:00:00-05,447.445,449.7463,435.25,439.58,69165753.0,1601549.0,440.518744
TSLA,2025-12-09 00:00:00-05,437.54,452.39,435.7,445.17,62367442.0,1400515.0,446.593232
TSLA,2025-12-10 00:00:00-05,446.065,456.88,443.61,451.45,63257475.0,1354920.0,448.81146
TSLA,2025-12-11 00:00:00-05,448.945,449.2699,440.33,446.89,55979492.0,1241523.0,444.831935
TSLA,2025-12-12 00:00:00-05,448.09,463.01,441.67,458.96,95656749.0,1824900.0,453.109508
TSLA,2025-12-15 00:00:00-05,469.44,481.7694,467.66,475.31,114542204.0,2322280.0,476.887885
TSLA,2025-12-16 00:00:00-05,472.21,491.5,465.83,489.88,107608075.0,2100489.0,479.936479
TSLA,2025-12-17 00:00:00-05,488.22,495.2799,466.2,467.26,106490405.0,2040998.0,478.14656
TSLA,2025-12-18 00:00:00-05,478.16,490.86,473.12,483.37,95168446.0,1853044.0,484.890547
TSLA,2025-12-19 00:00:00-05,488.12,490.49,474.72,481.2,103305424.0,1594267.0,481.630892
TSLA,2025-12-22 00:00:00-05,489.88,498.83,485.33,488.73,86916066.0,1771723.0,492.158952
TSLA,2025-12-23 00:00:00-05,489.395,491.97,482.84,485.56,58223633.0,1268301.0,486.399472
TSLA,2025-12-24 00:00:00-05,488.48,490.9,476.8,485.4,41285429.0,964908.0,481.556404
TSLA,2025-12-26 00:00:00-05,485.23,489.09,473.82,475.19,58780659.0,1309474.0,479.133296
TSLA,2025-12-29 00:00:00-05,469.0,469.4,459.0,459.64,66263033.0,1582555.0,464.330484
TSLA,2025-12-30 00:00:00-05,461.09,463.12,453.83,454.43,59238464.0,1290659.0,458.758195
TSLA,2025-12-31 00:00:00-05,456.1,456.55,449.3,449.72,49077961.0,1115796.0,453.04636
TSLA,2026-01-02 00:00:00-05,457.8,458.34,435.3,438.07,85535406.0,1865242.0,443.391894
TSLA,2026-01-05 00:00:00-05,447.99,457.5499,444.57,451.67,67824387.0,1505243.0,453.90289
TSLA,2026-01-06 00:00:00-05,446.38,448.25,428.78,432.96,89093758.0,2108811.0,434.074406
TSLA,2026-01-07 00:00:00-05,435.9,438.37,431.29,431.41,59828790.0,1350592.0,435.322657
TSLA,2026-01-08 00:00:00-05,427.89,436.89,424.365,435.8,57041094.0,1269323.0,433.149389
TSLA,2026-01-09 00:00:00-05,435.945,449.05,430.39,445.01,67331456.0,1390725.0,442.564755
TSLA,2026-01-12 00:00:00-05,441.225,454.3,438.0,448.96,61649627.0,1343515.0,449.222337
TSLA,2026-01-13 00:00:00-05,450.2,451.81,443.95,447.2,53719214.0,1172894.0,448.176783
TSLA,2026-01-14 00:00:00-05,442.81,443.91,434.22,439.2,57259500.0,1326815.0,437.942168
TSLA,2026-01-15 00:00:00-05,441.125,445.36,437.65,438.57,49465813.0,1118542.0,441.845106
TSLA,2026-01-16 00:00:00-05,439.5,447.25,435.2601,437.5,60220551.0,1220834.0,439.876571
TSLA,2026-01-20 00:00:00-05,429.36,430.725,417.44,419.25,63187336.0,1692153.0,423.417196
TSLA,2026-01-21 00:00:00-05,421.66,438.2,419.6201,431.44,68123987.0,1464620.0,428.106929
TSLA,2026-01-22 00:00:00-05,435.16,449.5,432.6293,449.36,71546729.0,1457998.0,442.35331
TSLA,2026-01-23 00:00:00-05,447.425,452.43,444.04,449.06,56771364.0,1274327.0,448.054955
TSLA,2026-01-26 00:00:00-05,445.0,445.04,434.28,435.2,49397415.0,1265554.0,438.071689
TSLA,2026-01-27 00:00:00-05,437.41,437.52,430.69,430.9,37733077.0,1052504.0,433.376087
TSLA,2026-01-28 00:00:00-05,431.91,438.26,430.1,431.46,54857403.0,1328594.0,434.151876
TSLA,2026-01-29 00:00:00-05,437.8,440.2299,414.62,416.56,81686127.0,2022198.0,421.849471
TSLA,2026-01-30 00:00:00-05,425.35,439.88,422.7,430.41,82626066.0,1774732.0,433.279983
TSLA,2026-02-02 00:00:00-05,421.29,427.15,414.5,421.81,58739455.0,1504313.0,421.526612
TSLA,2026-02-03 00:00:00-05,424.27,428.56,413.6901,421.96,56886549.0,1395372.0,421.169831
TSLA,2026-02-04 00:00:00-05,420.46,423.9,399.18,406.01,74606873.0,1796063.0,409.14831
TSLA,2026-02-05 00:00:00-05,397.015,402.1,387.5309,397.21,72819838.0,1805991.0,395.917896
TSLA,2026-02-06 00:00:00-05,400.87,414.55,397.751,411.11,62677144.0,1472141.0,410.346498
TSLA,2026-02-09 00:00:00-05,409.905,421.25,407.29,417.32,54484258.0,1305796.0,416.823362
TSLA,2026-02-10 00:00:00-05,418.08,427.25,417.0,425.21,64450233.0,1273029.0,424.144338
TSLA,2026-02-11 00:00:00-05,427.955,436.35,420.03,428.27,57361989.0,1272878.0,426.667031
TSLA,2026-02-12 00:00:00-05,430.3,436.23,414.0,417.07,61933359.0,1377851.0,421.853076
TSLA,2026-02-13 00:00:00-05,414.305,424.06,410.88,417.44,51434147.0,1155018.0,417.777064
TSLA,2026-02-17 00:00:00-05,412.36,413.72,400.51,410.63,59678789.0,1377350.0,407.560371
TSLA,2026-02-18 00:00:00-05,411.11,416.9,409.58,411.32,45921402.0,1047561.0,413.198181
TSLA,2026-02-19 00:00:00-05,407.25,415.2499,404.11,411.71,51019638.0,1074471.0,410.531099
TSLA,2026-02-20 00:00:00-05,408.3,414.7,405.5,411.82,57912225.0,1188978.0,410.419251
TSLA,2026-02-23 00:00:00-05,407.285,407.7,394.04,399.83,70088258.0,1671357.0,398.92443
TSLA,2026-02-24 00:00:00-05,399.5,410.82,397.64,409.38,58918412.0,1296615.0,405.885278
TSLA,2026-02-25 00:00:00-05,412.15,420.34,412.15,417.4,55148755.0,1283080.0,415.808724
TSLA,2026-02-26 00:00:00-05,414.42,416.81,403.66,408.58,53949480.0,1231898.0,408.356762
TSLA,2026-02-27 00:00:00-05,402.94,407.12,398.11,402.51,57242791.0,1268131.0,401.984409
TSLA,2026-03-02 00:00:00-05,390.6,404.54,388.25,403.32,55488349.0,1400986.0,400.090396
TSLA,2026-03-03 00:00:00-05,395.09,396.34,385.39,392.43,62877665.0,1499069.0,391.405825
TSLA,2026-03-04 00:00:00-05,397.845,408.33,394.58,405.94,68646962.0,1550949.0,404.232176
TSLA,2026-03-05 00:00:00-05,401.57,408.62,399.42,405.55,52257214.0,1224925.0,403.903368
TSLA,2026-03-06 00:00:00-05,398.09,402.35,394.21,396.73,64386539.0,1500621.0,398.078295
TSLA,2026-03-09 00:00:00-04,390.05,401.59,381.4,398.68,67411201.0,1748334.0,390.233998
TSLA,2026-03-10 00:00:00-04,402.22,406.59,398.19,399.235,59603186.0,1401301.0,402.380194
TSLA,2026-03-11 00:00:00-04,402.28,416.3799,402.15,407.82,62895568.0,1475923.0,408.797853
TSLA,2026-03-12 00:00:00-04,405.175,406.5,394.65,395.01,61314060.0,1400370.0,398.620915
TSLA,2026-03-13 00:00:00-04,399.165,400.2,389.95,391.2,58845957.0,1342867.0,394.312927
TSLA,2026-03-16 00:00:00-04,396.22,403.73,394.42,395.56,58435952.0,1371445.0,398.594255
TSLA,2026-03-17 00:00:00-04,395.69,400.12,393.0,399.27,47216832.0,1139710.0,397.748303
TSLA,2026-03-18 00:00:00-04,399.0,403.065,392.31,392.78,51181486.0,1224075.0,397.614603
TSLA,2026-03-19 00:00:00-04,387.27,387.27,378.73,380.3,67431575.0,1783761.0,381.893783
TSLA,2026-03-20 00:00:00-04,379.85,379.89,364.4601,367.96,78995690.0,1816539.0,371.757467
TSLA,2026-03-23 00:00:00-04,373.09,385.33,372.73,380.85,74984818.0,1891259.0,380.717644
TSLA,2026-03-24 00:00:00-04,376.56,387.48,376.31,383.03,60331233.0,1455657.0,383.58101
TSLA,2026-03-25 00:00:00-04,389.99,396.23,385.01,385.95,55484658.0,1375000.0,390.07508
TSLA,2026-03-26 00:00:00-04,381.6,384.44,371.87,372.11,55854372.0,1397454.0,377.665307
TSLA,2026-03-27 00:00:00-04,369.69,369.86,359.47,361.83,62415978.0,1607373.0,363.325541
TSLA,2026-03-30 00:00:00-04,365.86,367.29,352.14,355.28,68325515.0,1577544.0,359.508187
TSLA,2026-03-31 00:00:00-04,361.51,373.33,361.0,371.75,75862151.0,1545023.0,368.062853
TSLA,2026-04-01 00:00:00-04,378.63,383.14,374.08,381.26,59012295.0,1325870.0,379.436329
TSLA,2026-04-02 00:00:00-04,364.195,370.28,359.03,360.59,83376882.0,1717489.0,363.906016
TSLA,2026-04-06 00:00:00-04,362.59,367.72,346.64,352.82,78107339.0,1812061.0,353.968735
TSLA,2026-04-07 00:00:00-04,346.44,348.02,337.24,346.65,74869043.0,1745149.0,342.210427
TSLA,2026-04-08 00:00:00-04,363.79,364.5,339.67,343.25,79194650.0,1780514.0,347.786639
TSLA,2026-04-09 00:00:00-04,343.15,348.88,337.25,345.62,62500287.0,1410830.0,343.868382
TSLA,2026-04-10 00:00:00-04,346.285,350.36,342.74,348.95,51671834.0,1211064.0,346.183592
TSLA,2026-04-13 00:00:00-04,350.065,356.35,348.57,352.42,53976632.0,1276254.0,352.024852
TSLA,2026-04-14 00:00:00-04,357.67,367.63,354.77,364.2,60311358.0,1345964.0,363.051254
TSLA,2026-04-15 00:00:00-04,366.83,394.65,362.5,391.95,114167704.0,2166004.0,385.426661
TSLA,2026-04-16 00:00:00-04,393.81,394.06,381.8,388.9,63848030.0,1415851.0,387.366113
TSLA,2026-04-17 00:00:00-04,395.92,409.28,391.65,400.62,90987666.0,1781931.0,401.757717
TSLA,2026-04-20 00:00:00-04,402.58,406.8,388.33,392.5,64691259.0,1243318.0,393.759433
TSLA,2026-04-21 00:00:00-04,393.0,393.95,385.2201,386.42,50867208.0,1177814.0,389.594611
TSLA,2026-04-22 00:00:00-04,387.57,393.01,385.3,387.51,62705409.0,1451541.0,389.644422
TSLA,2026-04-23 00:00:00-04,375.28,386.0,368.39,373.72,94341150.0,1985094.0,375.340743
TSLA,2026-04-24 00:00:00-04,373.5,382.76,370.73,376.3,63238839.0,1405100.0,376.105936
TSLA,2026-04-27 00:00:00-04,372.09,380.78,364.02,378.67,66858554.0,1282993.0,372.122761
TSLA,2026-04-28 00:00:00-04,374.675,382.29,372.54,376.02,51194645.0,1156134.0,376.890209
TSLA,2026-04-29 00:00:00-04,375.4,376.4,370.04,372.8,45716816.0,1087842.0,372.816438
TSLA,2026-04-30 00:00:00-04,372.75,384.75,368.17,381.63,51411400.0,1218138.0,377.401831
TSLA,2026-05-01 00:00:00-04,382.485,397.8211,378.8,390.82,65683155.0,1464581.0,391.226029
TSLA,2026-05-04 00:00:00-04,390.23,394.64,384.8004,392.51,49119054.0,1257595.0,390.877974
TSLA,2026-05-05 00:00:00-04,395.185,402.12,389.0,389.37,48115227.0,1202305.0,394.333875
TSLA,2026-05-06 00:00:00-04,386.25,401.68,384.02,398.73,53806174.0,1274204.0,395.80825
TSLA,2026-05-07 00:00:00-04,407.48,415.83,402.12,411.79,64632138.0,1528237.0,409.549081
TSLA,2026-05-08 00:00:00-04,416.475,431.2,416.39,428.35,65417031.0,1620691.0,426.449692
TSLA,2026-05-11 00:00:00-04,422.16,449.16,416.8,445.0,78782772.0,1851354.0,435.80078
TSLA,2026-05-12 00:00:00-04,441.41,447.8,422.26,433.45,60920741.0,1525533.0,432.692862
TSLA,2026-05-13 00:00:00-04,436.665,453.4,430.21,445.27,68633747.0,1612895.0,445.64852
TSLA,2026-05-14 00:00:00-04,446.49,451.98,441.16,443.3,46407487.0,1192862.0,445.607238
TSLA,2026-05-15 00:00:00-04,433.98,434.66,422.0,422.24,53038352.0,1371450.0,426.101986
TSLA,2026-05-18 00:00:00-04,419.27,421.13,405.33,409.99,52852029.0,1378691.0,411.395409
TSLA,2026-05-19 00:00:00-04,403.16,405.63,393.63,404.11,46841143.0,1226880.0,400.437924
TSLA,2026-05-20 00:00:00-04,407.6,417.46,406.39,417.26,45617393.0,1120708.0,412.663717
TSLA,2026-05-21 00:00:00-04,422.175,426.95,412.9,417.85,42963823.0,1118446.0,418.931139
TSLA,2026-05-22 00:00:00-04,422.665,431.51,420.51,426.01,46439224.0,1165512.0,426.973398
TSLA,2026-05-26 00:00:00-04,430.26,435.2,426.12,433.59,46044080.0,1217088.0,431.366543
TSLA,2026-05-27 00:00:00-04,442.89,445.6,435.52,440.36,44993940.0,1189173.0,440.838464
TSLA,2026-05-28 00:00:00-04,437.615,443.96,436.3,442.1,32762985.0,927571.0,440.951298
TSLA,2026-05-29 00:00:00-04,439.845,441.07,428.14,435.79,45518835.0,1104247.0,435.372796
TSLA,2026-06-01 00:00:00-04,427.49,429.6,415.43,415.88,45338860.0,1319212.0,420.423829
TSLA,2026-06-02 00:00:00-04,418.22,424.42,413.65,423.74,37948679.0,991112.0,420.624296
